jahr,gemeinde_nummer,gemeinde,bfs_bezirk,bezirk,nationalitaet_code,nationalitaet,anzahl_personen
1980,2763,Arlesheim,1301,Bezirk Arlesheim,1,Schweiz,6774
1980,2763,Arlesheim,1301,Bezirk Arlesheim,2,Ausland,1690
1980,2770,Muttenz,1301,Bezirk Arlesheim,1,Schweiz,14735
1980,2770,Muttenz,1301,Bezirk Arlesheim,2,Ausland,2357
1980,2821,Arisdorf,1303,Bezirk Liestal,1,Schweiz,966
1980,2821,Arisdorf,1303,Bezirk Liestal,2,Ausland,53
1980,2822,Augst,1303,Bezirk Liestal,1,Schweiz,749
1980,2822,Augst,1303,Bezirk Liestal,2,Ausland,105
1980,2829,Liestal,1303,Bezirk Liestal,1,Schweiz,9293
1980,2829,Liestal,1303,Bezirk Liestal,2,Ausland,2447
1980,2841,Anwil,1304,Bezirk Sissach,1,Schweiz,307
1980,2841,Anwil,1304,Bezirk Sissach,2,Ausland,4
1980,2849,Itingen,1304,Bezirk Sissach,1,Schweiz,1037
1980,2849,Itingen,1304,Bezirk Sissach,2,Ausland,112
1980,2861,Sissach,1304,Bezirk Sissach,1,Schweiz,3964
1980,2861,Sissach,1304,Bezirk Sissach,2,Ausland,653
1980,2895,Waldenburg,1305,Bezirk Waldenburg,1,Schweiz,1036
1980,2895,Waldenburg,1305,Bezirk Waldenburg,2,Ausland,185
1981,2763,Arlesheim,1301,Bezirk Arlesheim,1,Schweiz,6886
1981,2763,Arlesheim,1301,Bezirk Arlesheim,2,Ausland,1693
1981,2770,Muttenz,1301,Bezirk Arlesheim,1,Schweiz,14600
1981,2770,Muttenz,1301,Bezirk Arlesheim,2,Ausland,2382
1981,2821,Arisdorf,1303,Bezirk Liestal,1,Schweiz,989
1981,2821,Arisdorf,1303,Bezirk Liestal,2,Ausland,50
1981,2822,Augst,1303,Bezirk Liestal,1,Schweiz,734
1981,2822,Augst,1303,Bezirk Liestal,2,Ausland,107
1981,2829,Liestal,1303,Bezirk Liestal,1,Schweiz,9243
1981,2829,Liestal,1303,Bezirk Liestal,2,Ausland,2577
1981,2841,Anwil,1304,Bezirk Sissach,1,Schweiz,306
1981,2841,Anwil,1304,Bezirk Sissach,2,Ausland,6
1981,2849,Itingen,1304,Bezirk Sissach,1,Schweiz,1025
1981,2849,Itingen,1304,Bezirk Sissach,2,Ausland,105
1981,2861,Sissach,1304,Bezirk Sissach,1,Schweiz,3976
1981,2861,Sissach,1304,Bezirk Sissach,2,Ausland,690
1981,2895,Waldenburg,1305,Bezirk Waldenburg,1,Schweiz,1041
1981,2895,Waldenburg,1305,Bezirk Waldenburg,2,Ausland,189
1982,2763,Arlesheim,1301,Bezirk Arlesheim,1,Schweiz,6912
1982,2763,Arlesheim,1301,Bezirk Arlesheim,2,Ausland,1671
1982,2770,Muttenz,1301,Bezirk Arlesheim,1,Schweiz,14745
1982,2770,Muttenz,1301,Bezirk Arlesheim,2,Ausland,2365
1982,2821,Arisdorf,1303,Bezirk Liestal,1,Schweiz,992
1982,2821,Arisdorf,1303,Bezirk Liestal,2,Ausland,53
1982,2822,Augst,1303,Bezirk Liestal,1,Schweiz,743
1982,2822,Augst,1303,Bezirk Liestal,2,Ausland,110
1982,2829,Liestal,1303,Bezirk Liestal,1,Schweiz,9129
1982,2829,Liestal,1303,Bezirk Liestal,2,Ausland,2565
1982,2841,Anwil,1304,Bezirk Sissach,1,Schweiz,308
1982,2841,Anwil,1304,Bezirk Sissach,2,Ausland,5
1982,2849,Itingen,1304,Bezirk Sissach,1,Schweiz,1052
1982,2849,Itingen,1304,Bezirk Sissach,2,Ausland,118
1982,2861,Sissach,1304,Bezirk Sissach,1,Schweiz,3980
1982,2861,Sissach,1304,Bezirk Sissach,2,Ausland,691
1982,2895,Waldenburg,1305,Bezirk Waldenburg,1,Schweiz,1039
1982,2895,Waldenburg,1305,Bezirk Waldenburg,2,Ausland,190
1983,2763,Arlesheim,1301,Bezirk Arlesheim,1,Schweiz,6908
1983,2763,Arlesheim,1301,Bezirk Arlesheim,2,Ausland,1653
1983,2770,Muttenz,1301,Bezirk Arlesheim,1,Schweiz,14822
1983,2770,Muttenz,1301,Bezirk Arlesheim,2,Ausland,2393
1983,2821,Arisdorf,1303,Bezirk Liestal,1,Schweiz,1006
1983,2821,Arisdorf,1303,Bezirk Liestal,2,Ausland,53
1983,2822,Augst,1303,Bezirk Liestal,1,Schweiz,747
1983,2822,Augst,1303,Bezirk Liestal,2,Ausland,117
1983,2829,Liestal,1303,Bezirk Liestal,1,Schweiz,9161
1983,2829,Liestal,1303,Bezirk Liestal,2,Ausland,2525
1983,2841,Anwil,1304,Bezirk Sissach,1,Schweiz,315
1983,2841,Anwil,1304,Bezirk Sissach,2,Ausland,5
1983,2849,Itingen,1304,Bezirk Sissach,1,Schweiz,1082
1983,2849,Itingen,1304,Bezirk Sissach,2,Ausland,106
1983,2861,Sissach,1304,Bezirk Sissach,1,Schweiz,3999
1983,2861,Sissach,1304,Bezirk Sissach,2,Ausland,686
1983,2895,Waldenburg,1305,Bezirk Waldenburg,1,Schweiz,1049
1983,2895,Waldenburg,1305,Bezirk Waldenburg,2,Ausland,177
1984,2763,Arlesheim,1301,Bezirk Arlesheim,1,Schweiz,6872
1984,2763,Arlesheim,1301,Bezirk Arlesheim,2,Ausland,1648
1984,2770,Muttenz,1301,Bezirk Arlesheim,1,Schweiz,14845
1984,2770,Muttenz,1301,Bezirk Arlesheim,2,Ausland,2368
1984,2821,Arisdorf,1303,Bezirk Liestal,1,Schweiz,1013
1984,2821,Arisdorf,1303,Bezirk Liestal,2,Ausland,47
1984,2822,Augst,1303,Bezirk Liestal,1,Schweiz,728
1984,2822,Augst,1303,Bezirk Liestal,2,Ausland,147
1984,2829,Liestal,1303,Bezirk Liestal,1,Schweiz,9182
1984,2829,Liestal,1303,Bezirk Liestal,2,Ausland,2495
1984,2841,Anwil,1304,Bezirk Sissach,1,Schweiz,310
1984,2841,Anwil,1304,Bezirk Sissach,2,Ausland,5
1984,2849,Itingen,1304,Bezirk Sissach,1,Schweiz,1101
1984,2849,Itingen,1304,Bezirk Sissach,2,Ausland,117
1984,2861,Sissach,1304,Bezirk Sissach,1,Schweiz,4077
1984,2861,Sissach,1304,Bezirk Sissach,2,Ausland,685
1984,2895,Waldenburg,1305,Bezirk Waldenburg,1,Schweiz,1048
1984,2895,Waldenburg,1305,Bezirk Waldenburg,2,Ausland,177
1985,2763,Arlesheim,1301,Bezirk Arlesheim,1,Schweiz,6863
1985,2763,Arlesheim,1301,Bezirk Arlesheim,2,Ausland,1679
1985,2770,Muttenz,1301,Bezirk Arlesheim,1,Schweiz,14868
1985,2770,Muttenz,1301,Bezirk Arlesheim,2,Ausland,2355
1985,2821,Arisdorf,1303,Bezirk Liestal,1,Schweiz,1026
1985,2821,Arisdorf,1303,Bezirk Liestal,2,Ausland,44
1985,2822,Augst,1303,Bezirk Liestal,1,Schweiz,706
1985,2822,Augst,1303,Bezirk Liestal,2,Ausland,157
1985,2829,Liestal,1303,Bezirk Liestal,1,Schweiz,9238
1985,2829,Liestal,1303,Bezirk Liestal,2,Ausland,2510
1985,2841,Anwil,1304,Bezirk Sissach,1,Schweiz,321
1985,2841,Anwil,1304,Bezirk Sissach,2,Ausland,6
1985,2849,Itingen,1304,Bezirk Sissach,1,Schweiz,1175
1985,2849,Itingen,1304,Bezirk Sissach,2,Ausland,137
1985,2861,Sissach,1304,Bezirk Sissach,1,Schweiz,4141
1985,2861,Sissach,1304,Bezirk Sissach,2,Ausland,691
1985,2895,Waldenburg,1305,Bezirk Waldenburg,1,Schweiz,1025
1985,2895,Waldenburg,1305,Bezirk Waldenburg,2,Ausland,185
1986,2763,Arlesheim,1301,Bezirk Arlesheim,1,Schweiz,6856
1986,2763,Arlesheim,1301,Bezirk Arlesheim,2,Ausland,1676
1986,2770,Muttenz,1301,Bezirk Arlesheim,1,Schweiz,14912
1986,2770,Muttenz,1301,Bezirk Arlesheim,2,Ausland,2398
1986,2821,Arisdorf,1303,Bezirk Liestal,1,Schweiz,1046
1986,2821,Arisdorf,1303,Bezirk Liestal,2,Ausland,47
1986,2822,Augst,1303,Bezirk Liestal,1,Schweiz,715
1986,2822,Augst,1303,Bezirk Liestal,2,Ausland,144
1986,2829,Liestal,1303,Bezirk Liestal,1,Schweiz,9270
1986,2829,Liestal,1303,Bezirk Liestal,2,Ausland,2602
1986,2841,Anwil,1304,Bezirk Sissach,1,Schweiz,330
1986,2841,Anwil,1304,Bezirk Sissach,2,Ausland,6
1986,2849,Itingen,1304,Bezirk Sissach,1,Schweiz,1230
1986,2849,Itingen,1304,Bezirk Sissach,2,Ausland,138
1986,2861,Sissach,1304,Bezirk Sissach,1,Schweiz,4231
1986,2861,Sissach,1304,Bezirk Sissach,2,Ausland,699
1986,2895,Waldenburg,1305,Bezirk Waldenburg,1,Schweiz,990
1986,2895,Waldenburg,1305,Bezirk Waldenburg,2,Ausland,206
1987,2763,Arlesheim,1301,Bezirk Arlesheim,1,Schweiz,6851
1987,2763,Arlesheim,1301,Bezirk Arlesheim,2,Ausland,1686
1987,2770,Muttenz,1301,Bezirk Arlesheim,1,Schweiz,14847
1987,2770,Muttenz,1301,Bezirk Arlesheim,2,Ausland,2468
1987,2821,Arisdorf,1303,Bezirk Liestal,1,Schweiz,1048
1987,2821,Arisdorf,1303,Bezirk Liestal,2,Ausland,48
1987,2822,Augst,1303,Bezirk Liestal,1,Schweiz,719
1987,2822,Augst,1303,Bezirk Liestal,2,Ausland,143
1987,2829,Liestal,1303,Bezirk Liestal,1,Schweiz,9300
1987,2829,Liestal,1303,Bezirk Liestal,2,Ausland,2745
1987,2841,Anwil,1304,Bezirk Sissach,1,Schweiz,334
1987,2841,Anwil,1304,Bezirk Sissach,2,Ausland,6
1987,2849,Itingen,1304,Bezirk Sissach,1,Schweiz,1262
1987,2849,Itingen,1304,Bezirk Sissach,2,Ausland,133
1987,2861,Sissach,1304,Bezirk Sissach,1,Schweiz,4303
1987,2861,Sissach,1304,Bezirk Sissach,2,Ausland,741
1987,2895,Waldenburg,1305,Bezirk Waldenburg,1,Schweiz,965
1987,2895,Waldenburg,1305,Bezirk Waldenburg,2,Ausland,224
1988,2763,Arlesheim,1301,Bezirk Arlesheim,1,Schweiz,6847
1988,2763,Arlesheim,1301,Bezirk Arlesheim,2,Ausland,1694
1988,2770,Muttenz,1301,Bezirk Arlesheim,1,Schweiz,14682
1988,2770,Muttenz,1301,Bezirk Arlesheim,2,Ausland,2524
1988,2821,Arisdorf,1303,Bezirk Liestal,1,Schweiz,1049
1988,2821,Arisdorf,1303,Bezirk Liestal,2,Ausland,47
1988,2822,Augst,1303,Bezirk Liestal,1,Schweiz,710
1988,2822,Augst,1303,Bezirk Liestal,2,Ausland,141
1988,2829,Liestal,1303,Bezirk Liestal,1,Schweiz,9336
1988,2829,Liestal,1303,Bezirk Liestal,2,Ausland,2800
1988,2841,Anwil,1304,Bezirk Sissach,1,Schweiz,321
1988,2841,Anwil,1304,Bezirk Sissach,2,Ausland,7
1988,2849,Itingen,1304,Bezirk Sissach,1,Schweiz,1268
1988,2849,Itingen,1304,Bezirk Sissach,2,Ausland,144
1988,2861,Sissach,1304,Bezirk Sissach,1,Schweiz,4349
1988,2861,Sissach,1304,Bezirk Sissach,2,Ausland,738
1988,2895,Waldenburg,1305,Bezirk Waldenburg,1,Schweiz,951
1988,2895,Waldenburg,1305,Bezirk Waldenburg,2,Ausland,237
1989,2763,Arlesheim,1301,Bezirk Arlesheim,1,Schweiz,6805
1989,2763,Arlesheim,1301,Bezirk Arlesheim,2,Ausland,1693
1989,2770,Muttenz,1301,Bezirk Arlesheim,1,Schweiz,14575
1989,2770,Muttenz,1301,Bezirk Arlesheim,2,Ausland,2499
1989,2821,Arisdorf,1303,Bezirk Liestal,1,Schweiz,1039
1989,2821,Arisdorf,1303,Bezirk Liestal,2,Ausland,52
1989,2822,Augst,1303,Bezirk Liestal,1,Schweiz,691
1989,2822,Augst,1303,Bezirk Liestal,2,Ausland,143
1989,2829,Liestal,1303,Bezirk Liestal,1,Schweiz,9402
1989,2829,Liestal,1303,Bezirk Liestal,2,Ausland,2877
1989,2841,Anwil,1304,Bezirk Sissach,1,Schweiz,312
1989,2841,Anwil,1304,Bezirk Sissach,2,Ausland,11
1989,2849,Itingen,1304,Bezirk Sissach,1,Schweiz,1265
1989,2849,Itingen,1304,Bezirk Sissach,2,Ausland,150
1989,2861,Sissach,1304,Bezirk Sissach,1,Schweiz,4337
1989,2861,Sissach,1304,Bezirk Sissach,2,Ausland,734
1989,2895,Waldenburg,1305,Bezirk Waldenburg,1,Schweiz,955
1989,2895,Waldenburg,1305,Bezirk Waldenburg,2,Ausland,253
1990,2763,Arlesheim,1301,Bezirk Arlesheim,1,Schweiz,6850
1990,2763,Arlesheim,1301,Bezirk Arlesheim,2,Ausland,1730
1990,2770,Muttenz,1301,Bezirk Arlesheim,1,Schweiz,14546
1990,2770,Muttenz,1301,Bezirk Arlesheim,2,Ausland,2536
1990,2821,Arisdorf,1303,Bezirk Liestal,1,Schweiz,1051
1990,2821,Arisdorf,1303,Bezirk Liestal,2,Ausland,57
1990,2822,Augst,1303,Bezirk Liestal,1,Schweiz,679
1990,2822,Augst,1303,Bezirk Liestal,2,Ausland,151
1990,2829,Liestal,1303,Bezirk Liestal,1,Schweiz,9431
1990,2829,Liestal,1303,Bezirk Liestal,2,Ausland,2945
1990,2841,Anwil,1304,Bezirk Sissach,1,Schweiz,321
1990,2841,Anwil,1304,Bezirk Sissach,2,Ausland,14
1990,2849,Itingen,1304,Bezirk Sissach,1,Schweiz,1282
1990,2849,Itingen,1304,Bezirk Sissach,2,Ausland,144
1990,2861,Sissach,1304,Bezirk Sissach,1,Schweiz,4337
1990,2861,Sissach,1304,Bezirk Sissach,2,Ausland,764
1990,2895,Waldenburg,1305,Bezirk Waldenburg,1,Schweiz,970
1990,2895,Waldenburg,1305,Bezirk Waldenburg,2,Ausland,281
1991,2763,Arlesheim,1301,Bezirk Arlesheim,1,Schweiz,6805
1991,2763,Arlesheim,1301,Bezirk Arlesheim,2,Ausland,1701
1991,2770,Muttenz,1301,Bezirk Arlesheim,1,Schweiz,14449
1991,2770,Muttenz,1301,Bezirk Arlesheim,2,Ausland,2541
1991,2821,Arisdorf,1303,Bezirk Liestal,1,Schweiz,1060
1991,2821,Arisdorf,1303,Bezirk Liestal,2,Ausland,56
1991,2822,Augst,1303,Bezirk Liestal,1,Schweiz,665
1991,2822,Augst,1303,Bezirk Liestal,2,Ausland,164
1991,2829,Liestal,1303,Bezirk Liestal,1,Schweiz,9429
1991,2829,Liestal,1303,Bezirk Liestal,2,Ausland,3061
1991,2841,Anwil,1304,Bezirk Sissach,1,Schweiz,329
1991,2841,Anwil,1304,Bezirk Sissach,2,Ausland,17
1991,2849,Itingen,1304,Bezirk Sissach,1,Schweiz,1297
1991,2849,Itingen,1304,Bezirk Sissach,2,Ausland,140
1991,2861,Sissach,1304,Bezirk Sissach,1,Schweiz,4401
1991,2861,Sissach,1304,Bezirk Sissach,2,Ausland,816
1991,2895,Waldenburg,1305,Bezirk Waldenburg,1,Schweiz,982
1991,2895,Waldenburg,1305,Bezirk Waldenburg,2,Ausland,301
1992,2763,Arlesheim,1301,Bezirk Arlesheim,1,Schweiz,6744
1992,2763,Arlesheim,1301,Bezirk Arlesheim,2,Ausland,1685
1992,2770,Muttenz,1301,Bezirk Arlesheim,1,Schweiz,14381
1992,2770,Muttenz,1301,Bezirk Arlesheim,2,Ausland,2553
1992,2821,Arisdorf,1303,Bezirk Liestal,1,Schweiz,1047
1992,2821,Arisdorf,1303,Bezirk Liestal,2,Ausland,53
1992,2822,Augst,1303,Bezirk Liestal,1,Schweiz,656
1992,2822,Augst,1303,Bezirk Liestal,2,Ausland,155
1992,2829,Liestal,1303,Bezirk Liestal,1,Schweiz,9372
1992,2829,Liestal,1303,Bezirk Liestal,2,Ausland,3172
1992,2841,Anwil,1304,Bezirk Sissach,1,Schweiz,344
1992,2841,Anwil,1304,Bezirk Sissach,2,Ausland,19
1992,2849,Itingen,1304,Bezirk Sissach,1,Schweiz,1291
1992,2849,Itingen,1304,Bezirk Sissach,2,Ausland,140
1992,2861,Sissach,1304,Bezirk Sissach,1,Schweiz,4426
1992,2861,Sissach,1304,Bezirk Sissach,2,Ausland,884
1992,2895,Waldenburg,1305,Bezirk Waldenburg,1,Schweiz,986
1992,2895,Waldenburg,1305,Bezirk Waldenburg,2,Ausland,325
1993,2763,Arlesheim,1301,Bezirk Arlesheim,1,Schweiz,6636
1993,2763,Arlesheim,1301,Bezirk Arlesheim,2,Ausland,1652
1993,2770,Muttenz,1301,Bezirk Arlesheim,1,Schweiz,14473
1993,2770,Muttenz,1301,Bezirk Arlesheim,2,Ausland,2627
1993,2821,Arisdorf,1303,Bezirk Liestal,1,Schweiz,1050
1993,2821,Arisdorf,1303,Bezirk Liestal,2,Ausland,73
1993,2822,Augst,1303,Bezirk Liestal,1,Schweiz,653
1993,2822,Augst,1303,Bezirk Liestal,2,Ausland,161
1993,2829,Liestal,1303,Bezirk Liestal,1,Schweiz,9361
1993,2829,Liestal,1303,Bezirk Liestal,2,Ausland,3132
1993,2841,Anwil,1304,Bezirk Sissach,1,Schweiz,359
1993,2841,Anwil,1304,Bezirk Sissach,2,Ausland,19
1993,2849,Itingen,1304,Bezirk Sissach,1,Schweiz,1291
1993,2849,Itingen,1304,Bezirk Sissach,2,Ausland,147
1993,2861,Sissach,1304,Bezirk Sissach,1,Schweiz,4435
1993,2861,Sissach,1304,Bezirk Sissach,2,Ausland,861
1993,2895,Waldenburg,1305,Bezirk Waldenburg,1,Schweiz,971
1993,2895,Waldenburg,1305,Bezirk Waldenburg,2,Ausland,329
1994,2763,Arlesheim,1301,Bezirk Arlesheim,1,Schweiz,6609
1994,2763,Arlesheim,1301,Bezirk Arlesheim,2,Ausland,1696
1994,2770,Muttenz,1301,Bezirk Arlesheim,1,Schweiz,14475
1994,2770,Muttenz,1301,Bezirk Arlesheim,2,Ausland,2620
1994,2821,Arisdorf,1303,Bezirk Liestal,1,Schweiz,1061
1994,2821,Arisdorf,1303,Bezirk Liestal,2,Ausland,79
1994,2822,Augst,1303,Bezirk Liestal,1,Schweiz,662
1994,2822,Augst,1303,Bezirk Liestal,2,Ausland,170
1994,2829,Liestal,1303,Bezirk Liestal,1,Schweiz,9365
1994,2829,Liestal,1303,Bezirk Liestal,2,Ausland,3179
1994,2841,Anwil,1304,Bezirk Sissach,1,Schweiz,377
1994,2841,Anwil,1304,Bezirk Sissach,2,Ausland,18
1994,2849,Itingen,1304,Bezirk Sissach,1,Schweiz,1307
1994,2849,Itingen,1304,Bezirk Sissach,2,Ausland,168
1994,2861,Sissach,1304,Bezirk Sissach,1,Schweiz,4430
1994,2861,Sissach,1304,Bezirk Sissach,2,Ausland,870
1994,2895,Waldenburg,1305,Bezirk Waldenburg,1,Schweiz,968
1994,2895,Waldenburg,1305,Bezirk Waldenburg,2,Ausland,345
1995,2763,Arlesheim,1301,Bezirk Arlesheim,1,Schweiz,6654
1995,2763,Arlesheim,1301,Bezirk Arlesheim,2,Ausland,1695
1995,2770,Muttenz,1301,Bezirk Arlesheim,1,Schweiz,14351
1995,2770,Muttenz,1301,Bezirk Arlesheim,2,Ausland,2631
1995,2821,Arisdorf,1303,Bezirk Liestal,1,Schweiz,1080
1995,2821,Arisdorf,1303,Bezirk Liestal,2,Ausland,87
1995,2822,Augst,1303,Bezirk Liestal,1,Schweiz,648
1995,2822,Augst,1303,Bezirk Liestal,2,Ausland,173
1995,2829,Liestal,1303,Bezirk Liestal,1,Schweiz,9418
1995,2829,Liestal,1303,Bezirk Liestal,2,Ausland,3238
1995,2841,Anwil,1304,Bezirk Sissach,1,Schweiz,407
1995,2841,Anwil,1304,Bezirk Sissach,2,Ausland,24
1995,2849,Itingen,1304,Bezirk Sissach,1,Schweiz,1333
1995,2849,Itingen,1304,Bezirk Sissach,2,Ausland,198
1995,2861,Sissach,1304,Bezirk Sissach,1,Schweiz,4406
1995,2861,Sissach,1304,Bezirk Sissach,2,Ausland,883
1995,2895,Waldenburg,1305,Bezirk Waldenburg,1,Schweiz,971
1995,2895,Waldenburg,1305,Bezirk Waldenburg,2,Ausland,374
1996,2763,Arlesheim,1301,Bezirk Arlesheim,1,Schweiz,6695
1996,2763,Arlesheim,1301,Bezirk Arlesheim,2,Ausland,1724
1996,2770,Muttenz,1301,Bezirk Arlesheim,1,Schweiz,14203
1996,2770,Muttenz,1301,Bezirk Arlesheim,2,Ausland,2583
1996,2821,Arisdorf,1303,Bezirk Liestal,1,Schweiz,1123
1996,2821,Arisdorf,1303,Bezirk Liestal,2,Ausland,91
1996,2822,Augst,1303,Bezirk Liestal,1,Schweiz,632
1996,2822,Augst,1303,Bezirk Liestal,2,Ausland,165
1996,2829,Liestal,1303,Bezirk Liestal,1,Schweiz,9396
1996,2829,Liestal,1303,Bezirk Liestal,2,Ausland,3172
1996,2841,Anwil,1304,Bezirk Sissach,1,Schweiz,417
1996,2841,Anwil,1304,Bezirk Sissach,2,Ausland,30
1996,2849,Itingen,1304,Bezirk Sissach,1,Schweiz,1385
1996,2849,Itingen,1304,Bezirk Sissach,2,Ausland,202
1996,2861,Sissach,1304,Bezirk Sissach,1,Schweiz,4411
1996,2861,Sissach,1304,Bezirk Sissach,2,Ausland,866
1996,2895,Waldenburg,1305,Bezirk Waldenburg,1,Schweiz,977
1996,2895,Waldenburg,1305,Bezirk Waldenburg,2,Ausland,409
1997,2763,Arlesheim,1301,Bezirk Arlesheim,1,Schweiz,6751
1997,2763,Arlesheim,1301,Bezirk Arlesheim,2,Ausland,1706
1997,2770,Muttenz,1301,Bezirk Arlesheim,1,Schweiz,14132
1997,2770,Muttenz,1301,Bezirk Arlesheim,2,Ausland,2523
1997,2821,Arisdorf,1303,Bezirk Liestal,1,Schweiz,1211
1997,2821,Arisdorf,1303,Bezirk Liestal,2,Ausland,96
1997,2822,Augst,1303,Bezirk Liestal,1,Schweiz,640
1997,2822,Augst,1303,Bezirk Liestal,2,Ausland,168
1997,2829,Liestal,1303,Bezirk Liestal,1,Schweiz,9433
1997,2829,Liestal,1303,Bezirk Liestal,2,Ausland,3138
1997,2841,Anwil,1304,Bezirk Sissach,1,Schweiz,418
1997,2841,Anwil,1304,Bezirk Sissach,2,Ausland,28
1997,2849,Itingen,1304,Bezirk Sissach,1,Schweiz,1366
1997,2849,Itingen,1304,Bezirk Sissach,2,Ausland,201
1997,2861,Sissach,1304,Bezirk Sissach,1,Schweiz,4419
1997,2861,Sissach,1304,Bezirk Sissach,2,Ausland,842
1997,2895,Waldenburg,1305,Bezirk Waldenburg,1,Schweiz,970
1997,2895,Waldenburg,1305,Bezirk Waldenburg,2,Ausland,438
1998,2763,Arlesheim,1301,Bezirk Arlesheim,1,Schweiz,6812
1998,2763,Arlesheim,1301,Bezirk Arlesheim,2,Ausland,1660
1998,2770,Muttenz,1301,Bezirk Arlesheim,1,Schweiz,14126
1998,2770,Muttenz,1301,Bezirk Arlesheim,2,Ausland,2581
1998,2821,Arisdorf,1303,Bezirk Liestal,1,Schweiz,1259
1998,2821,Arisdorf,1303,Bezirk Liestal,2,Ausland,95
1998,2822,Augst,1303,Bezirk Liestal,1,Schweiz,642
1998,2822,Augst,1303,Bezirk Liestal,2,Ausland,169
1998,2829,Liestal,1303,Bezirk Liestal,1,Schweiz,9370
1998,2829,Liestal,1303,Bezirk Liestal,2,Ausland,3086
1998,2841,Anwil,1304,Bezirk Sissach,1,Schweiz,425
1998,2841,Anwil,1304,Bezirk Sissach,2,Ausland,29
1998,2849,Itingen,1304,Bezirk Sissach,1,Schweiz,1386
1998,2849,Itingen,1304,Bezirk Sissach,2,Ausland,215
1998,2861,Sissach,1304,Bezirk Sissach,1,Schweiz,4394
1998,2861,Sissach,1304,Bezirk Sissach,2,Ausland,857
1998,2895,Waldenburg,1305,Bezirk Waldenburg,1,Schweiz,977
1998,2895,Waldenburg,1305,Bezirk Waldenburg,2,Ausland,446
1999,2763,Arlesheim,1301,Bezirk Arlesheim,1,Schweiz,6843
1999,2763,Arlesheim,1301,Bezirk Arlesheim,2,Ausland,1670
1999,2770,Muttenz,1301,Bezirk Arlesheim,1,Schweiz,14111
1999,2770,Muttenz,1301,Bezirk Arlesheim,2,Ausland,2628
1999,2821,Arisdorf,1303,Bezirk Liestal,1,Schweiz,1267
1999,2821,Arisdorf,1303,Bezirk Liestal,2,Ausland,118
1999,2822,Augst,1303,Bezirk Liestal,1,Schweiz,632
1999,2822,Augst,1303,Bezirk Liestal,2,Ausland,181
1999,2829,Liestal,1303,Bezirk Liestal,1,Schweiz,9475
1999,2829,Liestal,1303,Bezirk Liestal,2,Ausland,3188
1999,2841,Anwil,1304,Bezirk Sissach,1,Schweiz,440
1999,2841,Anwil,1304,Bezirk Sissach,2,Ausland,35
1999,2849,Itingen,1304,Bezirk Sissach,1,Schweiz,1390
1999,2849,Itingen,1304,Bezirk Sissach,2,Ausland,242
1999,2861,Sissach,1304,Bezirk Sissach,1,Schweiz,4425
1999,2861,Sissach,1304,Bezirk Sissach,2,Ausland,918
1999,2895,Waldenburg,1305,Bezirk Waldenburg,1,Schweiz,970
1999,2895,Waldenburg,1305,Bezirk Waldenburg,2,Ausland,433
2000,2763,Arlesheim,1301,Bezirk Arlesheim,1,Schweiz,6864
2000,2763,Arlesheim,1301,Bezirk Arlesheim,2,Ausland,1694
2000,2770,Muttenz,1301,Bezirk Arlesheim,1,Schweiz,14049
2000,2770,Muttenz,1301,Bezirk Arlesheim,2,Ausland,2625
2000,2821,Arisdorf,1303,Bezirk Liestal,1,Schweiz,1275
2000,2821,Arisdorf,1303,Bezirk Liestal,2,Ausland,126
2000,2822,Augst,1303,Bezirk Liestal,1,Schweiz,760
2000,2822,Augst,1303,Bezirk Liestal,2,Ausland,186
2000,2829,Liestal,1303,Bezirk Liestal,1,Schweiz,9589
2000,2829,Liestal,1303,Bezirk Liestal,2,Ausland,3286
2000,2841,Anwil,1304,Bezirk Sissach,1,Schweiz,456
2000,2841,Anwil,1304,Bezirk Sissach,2,Ausland,37
2000,2849,Itingen,1304,Bezirk Sissach,1,Schweiz,1394
2000,2849,Itingen,1304,Bezirk Sissach,2,Ausland,263
2000,2861,Sissach,1304,Bezirk Sissach,1,Schweiz,4488
2000,2861,Sissach,1304,Bezirk Sissach,2,Ausland,926
2000,2895,Waldenburg,1305,Bezirk Waldenburg,1,Schweiz,957
2000,2895,Waldenburg,1305,Bezirk Waldenburg,2,Ausland,426
2001,2763,Arlesheim,1301,Bezirk Arlesheim,1,Schweiz,7016
2001,2763,Arlesheim,1301,Bezirk Arlesheim,2,Ausland,1727
2001,2770,Muttenz,1301,Bezirk Arlesheim,1,Schweiz,14006
2001,2770,Muttenz,1301,Bezirk Arlesheim,2,Ausland,2724
2001,2821,Arisdorf,1303,Bezirk Liestal,1,Schweiz,1270
2001,2821,Arisdorf,1303,Bezirk Liestal,2,Ausland,128
2001,2822,Augst,1303,Bezirk Liestal,1,Schweiz,784
2001,2822,Augst,1303,Bezirk Liestal,2,Ausland,188
2001,2829,Liestal,1303,Bezirk Liestal,1,Schweiz,9568
2001,2829,Liestal,1303,Bezirk Liestal,2,Ausland,3323
2001,2841,Anwil,1304,Bezirk Sissach,1,Schweiz,468
2001,2841,Anwil,1304,Bezirk Sissach,2,Ausland,32
2001,2849,Itingen,1304,Bezirk Sissach,1,Schweiz,1388
2001,2849,Itingen,1304,Bezirk Sissach,2,Ausland,262
2001,2861,Sissach,1304,Bezirk Sissach,1,Schweiz,4511
2001,2861,Sissach,1304,Bezirk Sissach,2,Ausland,912
2001,2895,Waldenburg,1305,Bezirk Waldenburg,1,Schweiz,943
2001,2895,Waldenburg,1305,Bezirk Waldenburg,2,Ausland,370
2002,2763,Arlesheim,1301,Bezirk Arlesheim,1,Schweiz,7061
2002,2763,Arlesheim,1301,Bezirk Arlesheim,2,Ausland,1854
2002,2770,Muttenz,1301,Bezirk Arlesheim,1,Schweiz,13940
2002,2770,Muttenz,1301,Bezirk Arlesheim,2,Ausland,2913
2002,2821,Arisdorf,1303,Bezirk Liestal,1,Schweiz,1291
2002,2821,Arisdorf,1303,Bezirk Liestal,2,Ausland,103
2002,2822,Augst,1303,Bezirk Liestal,1,Schweiz,778
2002,2822,Augst,1303,Bezirk Liestal,2,Ausland,183
2002,2829,Liestal,1303,Bezirk Liestal,1,Schweiz,9507
2002,2829,Liestal,1303,Bezirk Liestal,2,Ausland,3319
2002,2841,Anwil,1304,Bezirk Sissach,1,Schweiz,477
2002,2841,Anwil,1304,Bezirk Sissach,2,Ausland,33
2002,2849,Itingen,1304,Bezirk Sissach,1,Schweiz,1388
2002,2849,Itingen,1304,Bezirk Sissach,2,Ausland,273
2002,2861,Sissach,1304,Bezirk Sissach,1,Schweiz,4526
2002,2861,Sissach,1304,Bezirk Sissach,2,Ausland,978
2002,2895,Waldenburg,1305,Bezirk Waldenburg,1,Schweiz,926
2002,2895,Waldenburg,1305,Bezirk Waldenburg,2,Ausland,350
2003,2763,Arlesheim,1301,Bezirk Arlesheim,1,Schweiz,7101
2003,2763,Arlesheim,1301,Bezirk Arlesheim,2,Ausland,1845
2003,2770,Muttenz,1301,Bezirk Arlesheim,1,Schweiz,13952
2003,2770,Muttenz,1301,Bezirk Arlesheim,2,Ausland,3019
2003,2821,Arisdorf,1303,Bezirk Liestal,1,Schweiz,1336
2003,2821,Arisdorf,1303,Bezirk Liestal,2,Ausland,90
2003,2822,Augst,1303,Bezirk Liestal,1,Schweiz,774
2003,2822,Augst,1303,Bezirk Liestal,2,Ausland,172
2003,2829,Liestal,1303,Bezirk Liestal,1,Schweiz,9553
2003,2829,Liestal,1303,Bezirk Liestal,2,Ausland,3316
2003,2841,Anwil,1304,Bezirk Sissach,1,Schweiz,489
2003,2841,Anwil,1304,Bezirk Sissach,2,Ausland,29
2003,2849,Itingen,1304,Bezirk Sissach,1,Schweiz,1399
2003,2849,Itingen,1304,Bezirk Sissach,2,Ausland,280
2003,2861,Sissach,1304,Bezirk Sissach,1,Schweiz,4593
2003,2861,Sissach,1304,Bezirk Sissach,2,Ausland,1022
2003,2895,Waldenburg,1305,Bezirk Waldenburg,1,Schweiz,927
2003,2895,Waldenburg,1305,Bezirk Waldenburg,2,Ausland,359
2004,2763,Arlesheim,1301,Bezirk Arlesheim,1,Schweiz,7166
2004,2763,Arlesheim,1301,Bezirk Arlesheim,2,Ausland,1828
2004,2770,Muttenz,1301,Bezirk Arlesheim,1,Schweiz,14000
2004,2770,Muttenz,1301,Bezirk Arlesheim,2,Ausland,3008
2004,2821,Arisdorf,1303,Bezirk Liestal,1,Schweiz,1347
2004,2821,Arisdorf,1303,Bezirk Liestal,2,Ausland,97
2004,2822,Augst,1303,Bezirk Liestal,1,Schweiz,756
2004,2822,Augst,1303,Bezirk Liestal,2,Ausland,179
2004,2829,Liestal,1303,Bezirk Liestal,1,Schweiz,9635
2004,2829,Liestal,1303,Bezirk Liestal,2,Ausland,3323
2004,2841,Anwil,1304,Bezirk Sissach,1,Schweiz,496
2004,2841,Anwil,1304,Bezirk Sissach,2,Ausland,31
2004,2849,Itingen,1304,Bezirk Sissach,1,Schweiz,1437
2004,2849,Itingen,1304,Bezirk Sissach,2,Ausland,284
2004,2861,Sissach,1304,Bezirk Sissach,1,Schweiz,4623
2004,2861,Sissach,1304,Bezirk Sissach,2,Ausland,1020
2004,2895,Waldenburg,1305,Bezirk Waldenburg,1,Schweiz,944
2004,2895,Waldenburg,1305,Bezirk Waldenburg,2,Ausland,360
2005,2763,Arlesheim,1301,Bezirk Arlesheim,1,Schweiz,7119
2005,2763,Arlesheim,1301,Bezirk Arlesheim,2,Ausland,1783
2005,2770,Muttenz,1301,Bezirk Arlesheim,1,Schweiz,13948
2005,2770,Muttenz,1301,Bezirk Arlesheim,2,Ausland,3002
2005,2821,Arisdorf,1303,Bezirk Liestal,1,Schweiz,1366
2005,2821,Arisdorf,1303,Bezirk Liestal,2,Ausland,101
2005,2822,Augst,1303,Bezirk Liestal,1,Schweiz,743
2005,2822,Augst,1303,Bezirk Liestal,2,Ausland,177
2005,2829,Liestal,1303,Bezirk Liestal,1,Schweiz,9822
2005,2829,Liestal,1303,Bezirk Liestal,2,Ausland,3327
2005,2841,Anwil,1304,Bezirk Sissach,1,Schweiz,498
2005,2841,Anwil,1304,Bezirk Sissach,2,Ausland,30
2005,2849,Itingen,1304,Bezirk Sissach,1,Schweiz,1457
2005,2849,Itingen,1304,Bezirk Sissach,2,Ausland,284
2005,2861,Sissach,1304,Bezirk Sissach,1,Schweiz,4674
2005,2861,Sissach,1304,Bezirk Sissach,2,Ausland,1028
2005,2895,Waldenburg,1305,Bezirk Waldenburg,1,Schweiz,933
2005,2895,Waldenburg,1305,Bezirk Waldenburg,2,Ausland,377
2006,2763,Arlesheim,1301,Bezirk Arlesheim,1,Schweiz,7175
2006,2763,Arlesheim,1301,Bezirk Arlesheim,2,Ausland,1749
2006,2770,Muttenz,1301,Bezirk Arlesheim,1,Schweiz,13961
2006,2770,Muttenz,1301,Bezirk Arlesheim,2,Ausland,3017
2006,2821,Arisdorf,1303,Bezirk Liestal,1,Schweiz,1377
2006,2821,Arisdorf,1303,Bezirk Liestal,2,Ausland,103
2006,2822,Augst,1303,Bezirk Liestal,1,Schweiz,740
2006,2822,Augst,1303,Bezirk Liestal,2,Ausland,179
2006,2829,Liestal,1303,Bezirk Liestal,1,Schweiz,9927
2006,2829,Liestal,1303,Bezirk Liestal,2,Ausland,3320
2006,2841,Anwil,1304,Bezirk Sissach,1,Schweiz,509
2006,2841,Anwil,1304,Bezirk Sissach,2,Ausland,35
2006,2849,Itingen,1304,Bezirk Sissach,1,Schweiz,1507
2006,2849,Itingen,1304,Bezirk Sissach,2,Ausland,302
2006,2861,Sissach,1304,Bezirk Sissach,1,Schweiz,4740
2006,2861,Sissach,1304,Bezirk Sissach,2,Ausland,1052
2006,2895,Waldenburg,1305,Bezirk Waldenburg,1,Schweiz,915
2006,2895,Waldenburg,1305,Bezirk Waldenburg,2,Ausland,365
2007,2763,Arlesheim,1301,Bezirk Arlesheim,1,Schweiz,7194
2007,2763,Arlesheim,1301,Bezirk Arlesheim,2,Ausland,1742
2007,2770,Muttenz,1301,Bezirk Arlesheim,1,Schweiz,14063
2007,2770,Muttenz,1301,Bezirk Arlesheim,2,Ausland,2993
2007,2821,Arisdorf,1303,Bezirk Liestal,1,Schweiz,1392
2007,2821,Arisdorf,1303,Bezirk Liestal,2,Ausland,110
2007,2822,Augst,1303,Bezirk Liestal,1,Schweiz,736
2007,2822,Augst,1303,Bezirk Liestal,2,Ausland,168
2007,2829,Liestal,1303,Bezirk Liestal,1,Schweiz,10048
2007,2829,Liestal,1303,Bezirk Liestal,2,Ausland,3314
2007,2841,Anwil,1304,Bezirk Sissach,1,Schweiz,516
2007,2841,Anwil,1304,Bezirk Sissach,2,Ausland,39
2007,2849,Itingen,1304,Bezirk Sissach,1,Schweiz,1512
2007,2849,Itingen,1304,Bezirk Sissach,2,Ausland,297
2007,2861,Sissach,1304,Bezirk Sissach,1,Schweiz,4779
2007,2861,Sissach,1304,Bezirk Sissach,2,Ausland,1023
2007,2895,Waldenburg,1305,Bezirk Waldenburg,1,Schweiz,905
2007,2895,Waldenburg,1305,Bezirk Waldenburg,2,Ausland,355
2008,2763,Arlesheim,1301,Bezirk Arlesheim,1,Schweiz,7215
2008,2763,Arlesheim,1301,Bezirk Arlesheim,2,Ausland,1727
2008,2770,Muttenz,1301,Bezirk Arlesheim,1,Schweiz,14140
2008,2770,Muttenz,1301,Bezirk Arlesheim,2,Ausland,3019
2008,2821,Arisdorf,1303,Bezirk Liestal,1,Schweiz,1407
2008,2821,Arisdorf,1303,Bezirk Liestal,2,Ausland,112
2008,2822,Augst,1303,Bezirk Liestal,1,Schweiz,734
2008,2822,Augst,1303,Bezirk Liestal,2,Ausland,162
2008,2829,Liestal,1303,Bezirk Liestal,1,Schweiz,10101
2008,2829,Liestal,1303,Bezirk Liestal,2,Ausland,3335
2008,2841,Anwil,1304,Bezirk Sissach,1,Schweiz,526
2008,2841,Anwil,1304,Bezirk Sissach,2,Ausland,44
2008,2849,Itingen,1304,Bezirk Sissach,1,Schweiz,1523
2008,2849,Itingen,1304,Bezirk Sissach,2,Ausland,301
2008,2861,Sissach,1304,Bezirk Sissach,1,Schweiz,4952
2008,2861,Sissach,1304,Bezirk Sissach,2,Ausland,1056
2008,2895,Waldenburg,1305,Bezirk Waldenburg,1,Schweiz,896
2008,2895,Waldenburg,1305,Bezirk Waldenburg,2,Ausland,346
2009,2763,Arlesheim,1301,Bezirk Arlesheim,1,Schweiz,7201
2009,2763,Arlesheim,1301,Bezirk Arlesheim,2,Ausland,1705
2009,2770,Muttenz,1301,Bezirk Arlesheim,1,Schweiz,14172
2009,2770,Muttenz,1301,Bezirk Arlesheim,2,Ausland,3117
2009,2821,Arisdorf,1303,Bezirk Liestal,1,Schweiz,1432
2009,2821,Arisdorf,1303,Bezirk Liestal,2,Ausland,117
2009,2822,Augst,1303,Bezirk Liestal,1,Schweiz,729
2009,2822,Augst,1303,Bezirk Liestal,2,Ausland,157
2009,2829,Liestal,1303,Bezirk Liestal,1,Schweiz,10126
2009,2829,Liestal,1303,Bezirk Liestal,2,Ausland,3419
2009,2841,Anwil,1304,Bezirk Sissach,1,Schweiz,522
2009,2841,Anwil,1304,Bezirk Sissach,2,Ausland,43
2009,2849,Itingen,1304,Bezirk Sissach,1,Schweiz,1541
2009,2849,Itingen,1304,Bezirk Sissach,2,Ausland,317
2009,2861,Sissach,1304,Bezirk Sissach,1,Schweiz,5085
2009,2861,Sissach,1304,Bezirk Sissach,2,Ausland,1073
2009,2895,Waldenburg,1305,Bezirk Waldenburg,1,Schweiz,890
2009,2895,Waldenburg,1305,Bezirk Waldenburg,2,Ausland,344
2010,2763,Arlesheim,1301,Bezirk Arlesheim,1,Schweiz,7243
2010,2763,Arlesheim,1301,Bezirk Arlesheim,2,Ausland,1744
2010,2770,Muttenz,1301,Bezirk Arlesheim,1,Schweiz,14146
2010,2770,Muttenz,1301,Bezirk Arlesheim,2,Ausland,3182
2010,2821,Arisdorf,1303,Bezirk Liestal,1,Schweiz,1453
2010,2821,Arisdorf,1303,Bezirk Liestal,2,Ausland,125
2010,2822,Augst,1303,Bezirk Liestal,1,Schweiz,730
2010,2822,Augst,1303,Bezirk Liestal,2,Ausland,154
2010,2829,Liestal,1303,Bezirk Liestal,1,Schweiz,10162
2010,2829,Liestal,1303,Bezirk Liestal,2,Ausland,3480
2010,2841,Anwil,1304,Bezirk Sissach,1,Schweiz,530
2010,2841,Anwil,1304,Bezirk Sissach,2,Ausland,41
2010,2849,Itingen,1304,Bezirk Sissach,1,Schweiz,1559
2010,2849,Itingen,1304,Bezirk Sissach,2,Ausland,344
2010,2861,Sissach,1304,Bezirk Sissach,1,Schweiz,5176
2010,2861,Sissach,1304,Bezirk Sissach,2,Ausland,1049
2010,2895,Waldenburg,1305,Bezirk Waldenburg,1,Schweiz,889
2010,2895,Waldenburg,1305,Bezirk Waldenburg,2,Ausland,335
2011,2763,Arlesheim,1301,Bezirk Arlesheim,1,Schweiz,7261
2011,2763,Arlesheim,1301,Bezirk Arlesheim,2,Ausland,1750
2011,2770,Muttenz,1301,Bezirk Arlesheim,1,Schweiz,14138
2011,2770,Muttenz,1301,Bezirk Arlesheim,2,Ausland,3213
2011,2821,Arisdorf,1303,Bezirk Liestal,1,Schweiz,1460
2011,2821,Arisdorf,1303,Bezirk Liestal,2,Ausland,134
2011,2822,Augst,1303,Bezirk Liestal,1,Schweiz,723
2011,2822,Augst,1303,Bezirk Liestal,2,Ausland,145
2011,2829,Liestal,1303,Bezirk Liestal,1,Schweiz,10193
2011,2829,Liestal,1303,Bezirk Liestal,2,Ausland,3527
2011,2841,Anwil,1304,Bezirk Sissach,1,Schweiz,547
2011,2841,Anwil,1304,Bezirk Sissach,2,Ausland,40
2011,2849,Itingen,1304,Bezirk Sissach,1,Schweiz,1616
2011,2849,Itingen,1304,Bezirk Sissach,2,Ausland,371
2011,2861,Sissach,1304,Bezirk Sissach,1,Schweiz,5249
2011,2861,Sissach,1304,Bezirk Sissach,2,Ausland,1028
2011,2895,Waldenburg,1305,Bezirk Waldenburg,1,Schweiz,886
2011,2895,Waldenburg,1305,Bezirk Waldenburg,2,Ausland,336
2012,2763,Arlesheim,1301,Bezirk Arlesheim,1,Schweiz,7312
2012,2763,Arlesheim,1301,Bezirk Arlesheim,2,Ausland,1738
2012,2770,Muttenz,1301,Bezirk Arlesheim,1,Schweiz,14133
2012,2770,Muttenz,1301,Bezirk Arlesheim,2,Ausland,3276
2012,2821,Arisdorf,1303,Bezirk Liestal,1,Schweiz,1484
2012,2821,Arisdorf,1303,Bezirk Liestal,2,Ausland,140
2012,2822,Augst,1303,Bezirk Liestal,1,Schweiz,709
2012,2822,Augst,1303,Bezirk Liestal,2,Ausland,138
2012,2829,Liestal,1303,Bezirk Liestal,1,Schweiz,10208
2012,2829,Liestal,1303,Bezirk Liestal,2,Ausland,3531
2012,2841,Anwil,1304,Bezirk Sissach,1,Schweiz,537
2012,2841,Anwil,1304,Bezirk Sissach,2,Ausland,43
2012,2849,Itingen,1304,Bezirk Sissach,1,Schweiz,1630
2012,2849,Itingen,1304,Bezirk Sissach,2,Ausland,365
2012,2861,Sissach,1304,Bezirk Sissach,1,Schweiz,5256
2012,2861,Sissach,1304,Bezirk Sissach,2,Ausland,1028
2012,2895,Waldenburg,1305,Bezirk Waldenburg,1,Schweiz,868
2012,2895,Waldenburg,1305,Bezirk Waldenburg,2,Ausland,337
2013,2763,Arlesheim,1301,Bezirk Arlesheim,1,Schweiz,7323
2013,2763,Arlesheim,1301,Bezirk Arlesheim,2,Ausland,1774
2013,2770,Muttenz,1301,Bezirk Arlesheim,1,Schweiz,14050
2013,2770,Muttenz,1301,Bezirk Arlesheim,2,Ausland,3344
2013,2821,Arisdorf,1303,Bezirk Liestal,1,Schweiz,1472
2013,2821,Arisdorf,1303,Bezirk Liestal,2,Ausland,149
2013,2822,Augst,1303,Bezirk Liestal,1,Schweiz,719
2013,2822,Augst,1303,Bezirk Liestal,2,Ausland,141
2013,2829,Liestal,1303,Bezirk Liestal,1,Schweiz,10241
2013,2829,Liestal,1303,Bezirk Liestal,2,Ausland,3593
2013,2841,Anwil,1304,Bezirk Sissach,1,Schweiz,541
2013,2841,Anwil,1304,Bezirk Sissach,2,Ausland,41
2013,2849,Itingen,1304,Bezirk Sissach,1,Schweiz,1647
2013,2849,Itingen,1304,Bezirk Sissach,2,Ausland,391
2013,2861,Sissach,1304,Bezirk Sissach,1,Schweiz,5298
2013,2861,Sissach,1304,Bezirk Sissach,2,Ausland,1046
2013,2895,Waldenburg,1305,Bezirk Waldenburg,1,Schweiz,855
2013,2895,Waldenburg,1305,Bezirk Waldenburg,2,Ausland,340
2014,2763,Arlesheim,1301,Bezirk Arlesheim,1,Schweiz,7316
2014,2763,Arlesheim,1301,Bezirk Arlesheim,2,Ausland,1847
2014,2770,Muttenz,1301,Bezirk Arlesheim,1,Schweiz,14120
2014,2770,Muttenz,1301,Bezirk Arlesheim,2,Ausland,3411
2014,2821,Arisdorf,1303,Bezirk Liestal,1,Schweiz,1468
2014,2821,Arisdorf,1303,Bezirk Liestal,2,Ausland,154
2014,2822,Augst,1303,Bezirk Liestal,1,Schweiz,715
2014,2822,Augst,1303,Bezirk Liestal,2,Ausland,152
2014,2829,Liestal,1303,Bezirk Liestal,1,Schweiz,10222
2014,2829,Liestal,1303,Bezirk Liestal,2,Ausland,3766
2014,2841,Anwil,1304,Bezirk Sissach,1,Schweiz,539
2014,2841,Anwil,1304,Bezirk Sissach,2,Ausland,42
2014,2849,Itingen,1304,Bezirk Sissach,1,Schweiz,1660
2014,2849,Itingen,1304,Bezirk Sissach,2,Ausland,404
2014,2861,Sissach,1304,Bezirk Sissach,1,Schweiz,5398
2014,2861,Sissach,1304,Bezirk Sissach,2,Ausland,1065
2014,2895,Waldenburg,1305,Bezirk Waldenburg,1,Schweiz,859
2014,2895,Waldenburg,1305,Bezirk Waldenburg,2,Ausland,328
2015,2763,Arlesheim,1301,Bezirk Arlesheim,1,Schweiz,7299
2015,2763,Arlesheim,1301,Bezirk Arlesheim,2,Ausland,1895
2015,2770,Muttenz,1301,Bezirk Arlesheim,1,Schweiz,14115
2015,2770,Muttenz,1301,Bezirk Arlesheim,2,Ausland,3500
2015,2821,Arisdorf,1303,Bezirk Liestal,1,Schweiz,1478
2015,2821,Arisdorf,1303,Bezirk Liestal,2,Ausland,162
2015,2822,Augst,1303,Bezirk Liestal,1,Schweiz,720
2015,2822,Augst,1303,Bezirk Liestal,2,Ausland,182
2015,2829,Liestal,1303,Bezirk Liestal,1,Schweiz,10266
2015,2829,Liestal,1303,Bezirk Liestal,2,Ausland,3792
2015,2841,Anwil,1304,Bezirk Sissach,1,Schweiz,543
2015,2841,Anwil,1304,Bezirk Sissach,2,Ausland,41
2015,2849,Itingen,1304,Bezirk Sissach,1,Schweiz,1665
2015,2849,Itingen,1304,Bezirk Sissach,2,Ausland,402
2015,2861,Sissach,1304,Bezirk Sissach,1,Schweiz,5470
2015,2861,Sissach,1304,Bezirk Sissach,2,Ausland,1104
2015,2895,Waldenburg,1305,Bezirk Waldenburg,1,Schweiz,838
2015,2895,Waldenburg,1305,Bezirk Waldenburg,2,Ausland,343
2016,2763,Arlesheim,1301,Bezirk Arlesheim,1,Schweiz,7331
2016,2763,Arlesheim,1301,Bezirk Arlesheim,2,Ausland,1929
2016,2770,Muttenz,1301,Bezirk Arlesheim,1,Schweiz,14113
2016,2770,Muttenz,1301,Bezirk Arlesheim,2,Ausland,3621
2016,2821,Arisdorf,1303,Bezirk Liestal,1,Schweiz,1483
2016,2821,Arisdorf,1303,Bezirk Liestal,2,Ausland,180
2016,2822,Augst,1303,Bezirk Liestal,1,Schweiz,783
2016,2822,Augst,1303,Bezirk Liestal,2,Ausland,214
2016,2829,Liestal,1303,Bezirk Liestal,1,Schweiz,10324
2016,2829,Liestal,1303,Bezirk Liestal,2,Ausland,3848
2016,2841,Anwil,1304,Bezirk Sissach,1,Schweiz,544
2016,2841,Anwil,1304,Bezirk Sissach,2,Ausland,41
2016,2849,Itingen,1304,Bezirk Sissach,1,Schweiz,1670
2016,2849,Itingen,1304,Bezirk Sissach,2,Ausland,419
2016,2861,Sissach,1304,Bezirk Sissach,1,Schweiz,5545
2016,2861,Sissach,1304,Bezirk Sissach,2,Ausland,1183
2016,2895,Waldenburg,1305,Bezirk Waldenburg,1,Schweiz,821
2016,2895,Waldenburg,1305,Bezirk Waldenburg,2,Ausland,351
2017,2763,Arlesheim,1301,Bezirk Arlesheim,1,Schweiz,7316
2017,2763,Arlesheim,1301,Bezirk Arlesheim,2,Ausland,1939
2017,2770,Muttenz,1301,Bezirk Arlesheim,1,Schweiz,14101
2017,2770,Muttenz,1301,Bezirk Arlesheim,2,Ausland,3713
2017,2821,Arisdorf,1303,Bezirk Liestal,1,Schweiz,1471
2017,2821,Arisdorf,1303,Bezirk Liestal,2,Ausland,188
2017,2822,Augst,1303,Bezirk Liestal,1,Schweiz,782
2017,2822,Augst,1303,Bezirk Liestal,2,Ausland,234
2017,2829,Liestal,1303,Bezirk Liestal,1,Schweiz,10389
2017,2829,Liestal,1303,Bezirk Liestal,2,Ausland,3880
2017,2841,Anwil,1304,Bezirk Sissach,1,Schweiz,544
2017,2841,Anwil,1304,Bezirk Sissach,2,Ausland,36
2017,2849,Itingen,1304,Bezirk Sissach,1,Schweiz,1666
2017,2849,Itingen,1304,Bezirk Sissach,2,Ausland,437
2017,2861,Sissach,1304,Bezirk Sissach,1,Schweiz,5533
2017,2861,Sissach,1304,Bezirk Sissach,2,Ausland,1180
2017,2895,Waldenburg,1305,Bezirk Waldenburg,1,Schweiz,815
2017,2895,Waldenburg,1305,Bezirk Waldenburg,2,Ausland,350
2018,2763,Arlesheim,1301,Bezirk Arlesheim,1,Schweiz,7306
2018,2763,Arlesheim,1301,Bezirk Arlesheim,2,Ausland,1890
2018,2770,Muttenz,1301,Bezirk Arlesheim,1,Schweiz,14130
2018,2770,Muttenz,1301,Bezirk Arlesheim,2,Ausland,3740
2018,2821,Arisdorf,1303,Bezirk Liestal,1,Schweiz,1468
2018,2821,Arisdorf,1303,Bezirk Liestal,2,Ausland,183
2018,2822,Augst,1303,Bezirk Liestal,1,Schweiz,787
2018,2822,Augst,1303,Bezirk Liestal,2,Ausland,233
2018,2829,Liestal,1303,Bezirk Liestal,1,Schweiz,10447
2018,2829,Liestal,1303,Bezirk Liestal,2,Ausland,3877
2018,2841,Anwil,1304,Bezirk Sissach,1,Schweiz,534
2018,2841,Anwil,1304,Bezirk Sissach,2,Ausland,36
2018,2849,Itingen,1304,Bezirk Sissach,1,Schweiz,1674
2018,2849,Itingen,1304,Bezirk Sissach,2,Ausland,443
2018,2861,Sissach,1304,Bezirk Sissach,1,Schweiz,5532
2018,2861,Sissach,1304,Bezirk Sissach,2,Ausland,1165
2018,2895,Waldenburg,1305,Bezirk Waldenburg,1,Schweiz,781
2018,2895,Waldenburg,1305,Bezirk Waldenburg,2,Ausland,334
2019,2763,Arlesheim,1301,Bezirk Arlesheim,1,Schweiz,7306
2019,2763,Arlesheim,1301,Bezirk Arlesheim,2,Ausland,1831
2019,2770,Muttenz,1301,Bezirk Arlesheim,1,Schweiz,14136
2019,2770,Muttenz,1301,Bezirk Arlesheim,2,Ausland,3819
2019,2821,Arisdorf,1303,Bezirk Liestal,1,Schweiz,1476
2019,2821,Arisdorf,1303,Bezirk Liestal,2,Ausland,192
2019,2822,Augst,1303,Bezirk Liestal,1,Schweiz,795
2019,2822,Augst,1303,Bezirk Liestal,2,Ausland,243
2019,2829,Liestal,1303,Bezirk Liestal,1,Schweiz,10441
2019,2829,Liestal,1303,Bezirk Liestal,2,Ausland,3980
2019,2841,Anwil,1304,Bezirk Sissach,1,Schweiz,527
2019,2841,Anwil,1304,Bezirk Sissach,2,Ausland,34
2019,2849,Itingen,1304,Bezirk Sissach,1,Schweiz,1728
2019,2849,Itingen,1304,Bezirk Sissach,2,Ausland,441
2019,2861,Sissach,1304,Bezirk Sissach,1,Schweiz,5539
2019,2861,Sissach,1304,Bezirk Sissach,2,Ausland,1161
2019,2895,Waldenburg,1305,Bezirk Waldenburg,1,Schweiz,767
2019,2895,Waldenburg,1305,Bezirk Waldenburg,2,Ausland,332
2020,2763,Arlesheim,1301,Bezirk Arlesheim,1,Schweiz,7335
2020,2763,Arlesheim,1301,Bezirk Arlesheim,2,Ausland,1841
2020,2770,Muttenz,1301,Bezirk Arlesheim,1,Schweiz,14132
2020,2770,Muttenz,1301,Bezirk Arlesheim,2,Ausland,3906
2020,2821,Arisdorf,1303,Bezirk Liestal,1,Schweiz,1468
2020,2821,Arisdorf,1303,Bezirk Liestal,2,Ausland,194
2020,2822,Augst,1303,Bezirk Liestal,1,Schweiz,797
2020,2822,Augst,1303,Bezirk Liestal,2,Ausland,259
2020,2829,Liestal,1303,Bezirk Liestal,1,Schweiz,10532
2020,2829,Liestal,1303,Bezirk Liestal,2,Ausland,4061
2020,2841,Anwil,1304,Bezirk Sissach,1,Schweiz,516
2020,2841,Anwil,1304,Bezirk Sissach,2,Ausland,33
2020,2849,Itingen,1304,Bezirk Sissach,1,Schweiz,1737
2020,2849,Itingen,1304,Bezirk Sissach,2,Ausland,440
2020,2861,Sissach,1304,Bezirk Sissach,1,Schweiz,5563
2020,2861,Sissach,1304,Bezirk Sissach,2,Ausland,1137
2020,2895,Waldenburg,1305,Bezirk Waldenburg,1,Schweiz,788
2020,2895,Waldenburg,1305,Bezirk Waldenburg,2,Ausland,349
2021,2763,Arlesheim,1301,Bezirk Arlesheim,1,Schweiz,7381
2021,2763,Arlesheim,1301,Bezirk Arlesheim,2,Ausland,1860
2021,2770,Muttenz,1301,Bezirk Arlesheim,1,Schweiz,14049
2021,2770,Muttenz,1301,Bezirk Arlesheim,2,Ausland,3951
2021,2821,Arisdorf,1303,Bezirk Liestal,1,Schweiz,1497
2021,2821,Arisdorf,1303,Bezirk Liestal,2,Ausland,214
2021,2822,Augst,1303,Bezirk Liestal,1,Schweiz,790
2021,2822,Augst,1303,Bezirk Liestal,2,Ausland,273
2021,2829,Liestal,1303,Bezirk Liestal,1,Schweiz,10762
2021,2829,Liestal,1303,Bezirk Liestal,2,Ausland,4202
2021,2841,Anwil,1304,Bezirk Sissach,1,Schweiz,506
2021,2841,Anwil,1304,Bezirk Sissach,2,Ausland,28
2021,2849,Itingen,1304,Bezirk Sissach,1,Schweiz,1788
2021,2849,Itingen,1304,Bezirk Sissach,2,Ausland,446
2021,2861,Sissach,1304,Bezirk Sissach,1,Schweiz,5618
2021,2861,Sissach,1304,Bezirk Sissach,2,Ausland,1161
2021,2895,Waldenburg,1305,Bezirk Waldenburg,1,Schweiz,773
2021,2895,Waldenburg,1305,Bezirk Waldenburg,2,Ausland,351
2022,2763,Arlesheim,1301,Bezirk Arlesheim,1,Schweiz,7391
2022,2763,Arlesheim,1301,Bezirk Arlesheim,2,Ausland,1942
2022,2770,Muttenz,1301,Bezirk Arlesheim,1,Schweiz,13990
2022,2770,Muttenz,1301,Bezirk Arlesheim,2,Ausland,4091
2022,2821,Arisdorf,1303,Bezirk Liestal,1,Schweiz,1484
2022,2821,Arisdorf,1303,Bezirk Liestal,2,Ausland,227
2022,2822,Augst,1303,Bezirk Liestal,1,Schweiz,795
2022,2822,Augst,1303,Bezirk Liestal,2,Ausland,279
2022,2829,Liestal,1303,Bezirk Liestal,1,Schweiz,10911
2022,2829,Liestal,1303,Bezirk Liestal,2,Ausland,4495
2022,2841,Anwil,1304,Bezirk Sissach,1,Schweiz,501
2022,2841,Anwil,1304,Bezirk Sissach,2,Ausland,33
2022,2849,Itingen,1304,Bezirk Sissach,1,Schweiz,1865
2022,2849,Itingen,1304,Bezirk Sissach,2,Ausland,486
2022,2861,Sissach,1304,Bezirk Sissach,1,Schweiz,5647
2022,2861,Sissach,1304,Bezirk Sissach,2,Ausland,1243
2022,2895,Waldenburg,1305,Bezirk Waldenburg,1,Schweiz,770
2022,2895,Waldenburg,1305,Bezirk Waldenburg,2,Ausland,353
2023,2763,Arlesheim,1301,Bezirk Arlesheim,1,Schweiz,7365
2023,2763,Arlesheim,1301,Bezirk Arlesheim,2,Ausland,2042
2023,2770,Muttenz,1301,Bezirk Arlesheim,1,Schweiz,14028
2023,2770,Muttenz,1301,Bezirk Arlesheim,2,Ausland,4224
2023,2821,Arisdorf,1303,Bezirk Liestal,1,Schweiz,1489
2023,2821,Arisdorf,1303,Bezirk Liestal,2,Ausland,245
2023,2822,Augst,1303,Bezirk Liestal,1,Schweiz,800
2023,2822,Augst,1303,Bezirk Liestal,2,Ausland,293
2023,2829,Liestal,1303,Bezirk Liestal,1,Schweiz,11027
2023,2829,Liestal,1303,Bezirk Liestal,2,Ausland,4797
2023,2841,Anwil,1304,Bezirk Sissach,1,Schweiz,502
2023,2841,Anwil,1304,Bezirk Sissach,2,Ausland,40
2023,2849,Itingen,1304,Bezirk Sissach,1,Schweiz,1887
2023,2849,Itingen,1304,Bezirk Sissach,2,Ausland,516
2023,2861,Sissach,1304,Bezirk Sissach,1,Schweiz,5606
2023,2861,Sissach,1304,Bezirk Sissach,2,Ausland,1282
2023,2895,Waldenburg,1305,Bezirk Waldenburg,1,Schweiz,769
2023,2895,Waldenburg,1305,Bezirk Waldenburg,2,Ausland,368
2024,2763,Arlesheim,1301,Bezirk Arlesheim,1,Schweiz,7336
2024,2763,Arlesheim,1301,Bezirk Arlesheim,2,Ausland,2025
2024,2770,Muttenz,1301,Bezirk Arlesheim,1,Schweiz,14030
2024,2770,Muttenz,1301,Bezirk Arlesheim,2,Ausland,4279
2024,2821,Arisdorf,1303,Bezirk Liestal,1,Schweiz,1489
2024,2821,Arisdorf,1303,Bezirk Liestal,2,Ausland,281
2024,2822,Augst,1303,Bezirk Liestal,1,Schweiz,790
2024,2822,Augst,1303,Bezirk Liestal,2,Ausland,313
2024,2829,Liestal,1303,Bezirk Liestal,1,Schweiz,11069
2024,2829,Liestal,1303,Bezirk Liestal,2,Ausland,4959
2024,2841,Anwil,1304,Bezirk Sissach,1,Schweiz,505
2024,2841,Anwil,1304,Bezirk Sissach,2,Ausland,44
2024,2849,Itingen,1304,Bezirk Sissach,1,Schweiz,1931
2024,2849,Itingen,1304,Bezirk Sissach,2,Ausland,547
2024,2861,Sissach,1304,Bezirk Sissach,1,Schweiz,5619
2024,2861,Sissach,1304,Bezirk Sissach,2,Ausland,1280
2024,2895,Waldenburg,1305,Bezirk Waldenburg,1,Schweiz,773
2024,2895,Waldenburg,1305,Bezirk Waldenburg,2,Ausland,389
