jahr,bfs_nummer,gemeinde,neu_erstellte_wohnungen
1994,2764,Biel-Benken,13
1994,2851,Kilchberg (BL),0
1995,2764,Biel-Benken,16
1995,2851,Kilchberg (BL),2
1996,2764,Biel-Benken,44
1996,2851,Kilchberg (BL),1
1997,2764,Biel-Benken,38
1997,2851,Kilchberg (BL),4
1998,2764,Biel-Benken,32
1998,2851,Kilchberg (BL),1
1999,2764,Biel-Benken,29
1999,2851,Kilchberg (BL),1
2000,2764,Biel-Benken,27
2000,2851,Kilchberg (BL),0
2001,2764,Biel-Benken,29
2001,2851,Kilchberg (BL),0
2002,2764,Biel-Benken,14
2002,2851,Kilchberg (BL),0
2003,2764,Biel-Benken,16
2003,2851,Kilchberg (BL),0
2004,2764,Biel-Benken,19
2004,2851,Kilchberg (BL),1
2005,2764,Biel-Benken,51
2005,2851,Kilchberg (BL),0
2006,2764,Biel-Benken,37
2006,2851,Kilchberg (BL),2
2007,2764,Biel-Benken,14
2007,2851,Kilchberg (BL),2
2008,2764,Biel-Benken,14
2008,2851,Kilchberg (BL),1
2009,2764,Biel-Benken,32
2009,2851,Kilchberg (BL),1
2010,2764,Biel-Benken,26
2010,2851,Kilchberg (BL),2
2011,2764,Biel-Benken,12
2011,2851,Kilchberg (BL),2
2012,2764,Biel-Benken,15
2012,2851,Kilchberg (BL),1
2013,2764,Biel-Benken,34
2013,2851,Kilchberg (BL),1
2014,2764,Biel-Benken,49
2014,2851,Kilchberg (BL),2
2015,2764,Biel-Benken,24
2015,2851,Kilchberg (BL),0
2016,2764,Biel-Benken,8
2016,2851,Kilchberg (BL),0
2017,2764,Biel-Benken,18
2017,2851,Kilchberg (BL),1
2018,2764,Biel-Benken,8
2018,2851,Kilchberg (BL),0
2019,2764,Biel-Benken,17
2019,2851,Kilchberg (BL),3
2020,2764,Biel-Benken,7
2020,2851,Kilchberg (BL),2
2021,2764,Biel-Benken,11
2021,2851,Kilchberg (BL),0
2022,2764,Biel-Benken,0
2022,2851,Kilchberg (BL),1
2023,2764,Biel-Benken,9
2023,2851,Kilchberg (BL),1
2024,2764,Biel-Benken,5
2024,2851,Kilchberg (BL),1
1994,2762,Allschwil,50
1994,2763,Arlesheim,40
1994,2765,Binningen,104
1994,2766,Birsfelden,12
1994,2767,Bottmingen,8
1994,2768,Ettingen,11
1994,2769,Münchenstein,31
1994,2770,Muttenz,29
1994,2772,Pfeffingen,30
1994,2774,Schönenbuch,14
1994,2775,Therwil,32
1994,2781,Blauen,5
1994,2782,Brislach,28
1994,2784,Dittingen,16
1994,2785,Duggingen,26
1994,2786,Grellingen,2
1994,2787,Laufen,30
1994,2788,Liesberg,12
1994,2789,Nenzlingen,2
1994,2790,Roggenburg,4
1994,2791,Röschenz,23
1994,2792,Wahlen,21
1994,2821,Arisdorf,17
1994,2822,Augst,2
1994,2823,Bubendorf,74
1994,2824,Frenkendorf,51
1994,2825,Füllinsdorf,13
1994,2826,Giebenach,27
1994,2827,Hersberg,2
1994,2828,Lausen,10
1994,2829,Liestal,47
1994,2830,Lupsingen,15
1994,2831,Pratteln,30
1994,2832,Ramlinsburg,2
1994,2833,Seltisberg,13
1994,2841,Anwil,2
1994,2842,Böckten,0
1994,2843,Buckten,0
1994,2844,Buus,6
1994,2845,Diepflingen,2
1994,2846,Gelterkinden,35
1994,2847,Häfelfingen,0
1994,2848,Hemmiken,0
1994,2849,Itingen,34
1994,2850,Känerkinden,10
1994,2852,Läufelfingen,18
1994,2853,Maisprach,10
1994,2854,Nusshof,3
1994,2855,Oltingen,5
1994,2856,Ormalingen,21
1994,2858,Rothenfluh,1
1994,2859,Rümlingen,0
1994,2860,Rünenberg,18
1994,2861,Sissach,13
1994,2862,Tecknau,18
1994,2863,Tenniken,13
1994,2864,Thürnen,2
1994,2865,Wenslingen,4
1994,2866,Wintersingen,0
1994,2867,Wittinsburg,3
1994,2881,Arboldswil,5
1994,2882,Bennwil,0
1994,2883,Bretzwil,0
1994,2884,Diegten,21
1994,2885,Eptingen,1
1994,2886,Hölstein,1
1994,2887,Lampenberg,2
1994,2888,Langenbruck,3
1994,2889,Lauwil,2
1994,2890,Liedertswil,0
1994,2891,Niederdorf,9
1994,2893,Reigoldswil,3
1994,2894,Titterten,0
1994,2895,Waldenburg,9
1995,2762,Allschwil,35
1995,2763,Arlesheim,93
1995,2765,Binningen,109
1995,2766,Birsfelden,12
1995,2767,Bottmingen,45
1995,2768,Ettingen,29
1995,2769,Münchenstein,28
1995,2770,Muttenz,16
1995,2772,Pfeffingen,42
1995,2774,Schönenbuch,9
1995,2775,Therwil,59
1995,2781,Blauen,3
1995,2782,Brislach,44
1995,2784,Dittingen,8
1995,2785,Duggingen,3
1995,2786,Grellingen,11
1995,2787,Laufen,16
1995,2788,Liesberg,16
1995,2789,Nenzlingen,0
1995,2790,Roggenburg,6
1995,2791,Röschenz,38
1995,2792,Wahlen,28
1995,2821,Arisdorf,16
1995,2822,Augst,0
1995,2823,Bubendorf,67
1995,2824,Frenkendorf,23
1995,2825,Füllinsdorf,24
1995,2826,Giebenach,1
1995,2827,Hersberg,3
1995,2828,Lausen,13
1995,2829,Liestal,69
1995,2830,Lupsingen,6
1995,2831,Pratteln,53
1995,2832,Ramlinsburg,2
1995,2833,Seltisberg,20
1995,2841,Anwil,6
1995,2842,Böckten,1
1995,2843,Buckten,4
1995,2844,Buus,11
1995,2845,Diepflingen,7
1995,2846,Gelterkinden,23
1995,2847,Häfelfingen,1
1995,2848,Hemmiken,1
1995,2849,Itingen,25
1995,2850,Känerkinden,3
1995,2852,Läufelfingen,0
1995,2853,Maisprach,23
1995,2854,Nusshof,0
1995,2855,Oltingen,6
1995,2856,Ormalingen,29
1995,2858,Rothenfluh,10
1995,2859,Rümlingen,0
1995,2860,Rünenberg,3
1995,2861,Sissach,40
1995,2862,Tecknau,17
1995,2863,Tenniken,4
1995,2864,Thürnen,5
1995,2865,Wenslingen,2
1995,2866,Wintersingen,11
1995,2867,Wittinsburg,5
1995,2881,Arboldswil,8
1995,2882,Bennwil,7
1995,2883,Bretzwil,7
1995,2884,Diegten,15
1995,2885,Eptingen,1
1995,2886,Hölstein,10
1995,2887,Lampenberg,2
1995,2888,Langenbruck,3
1995,2889,Lauwil,1
1995,2890,Liedertswil,2
1995,2891,Niederdorf,7
1995,2893,Reigoldswil,5
1995,2894,Titterten,4
1995,2895,Waldenburg,5
1996,2762,Allschwil,37
1996,2763,Arlesheim,41
1996,2765,Binningen,88
1996,2766,Birsfelden,0
1996,2767,Bottmingen,59
1996,2768,Ettingen,9
1996,2769,Münchenstein,56
1996,2770,Muttenz,36
1996,2772,Pfeffingen,12
1996,2774,Schönenbuch,14
1996,2775,Therwil,38
1996,2781,Blauen,6
1996,2782,Brislach,21
1996,2784,Dittingen,7
1996,2785,Duggingen,14
1996,2786,Grellingen,10
1996,2787,Laufen,85
1996,2788,Liesberg,7
1996,2789,Nenzlingen,4
1996,2790,Roggenburg,3
1996,2791,Röschenz,17
1996,2792,Wahlen,2
1996,2821,Arisdorf,61
1996,2822,Augst,17
1996,2823,Bubendorf,47
1996,2824,Frenkendorf,25
1996,2825,Füllinsdorf,23
1996,2826,Giebenach,31
1996,2827,Hersberg,0
1996,2828,Lausen,43
1996,2829,Liestal,69
1996,2830,Lupsingen,19
1996,2831,Pratteln,44
1996,2832,Ramlinsburg,19
1996,2833,Seltisberg,14
1996,2841,Anwil,1
1996,2842,Böckten,1
1996,2843,Buckten,4
1996,2844,Buus,8
1996,2845,Diepflingen,6
1996,2846,Gelterkinden,42
1996,2847,Häfelfingen,1
1996,2848,Hemmiken,0
1996,2849,Itingen,4
1996,2850,Känerkinden,4
1996,2852,Läufelfingen,4
1996,2853,Maisprach,7
1996,2854,Nusshof,0
1996,2855,Oltingen,2
1996,2856,Ormalingen,13
1996,2858,Rothenfluh,4
1996,2859,Rümlingen,2
1996,2860,Rünenberg,9
1996,2861,Sissach,8
1996,2862,Tecknau,11
1996,2863,Tenniken,10
1996,2864,Thürnen,4
1996,2865,Wenslingen,3
1996,2866,Wintersingen,11
1996,2867,Wittinsburg,2
1996,2881,Arboldswil,5
1996,2882,Bennwil,1
1996,2883,Bretzwil,4
1996,2884,Diegten,13
1996,2885,Eptingen,8
1996,2886,Hölstein,0
1996,2887,Lampenberg,2
1996,2888,Langenbruck,5
1996,2889,Lauwil,1
1996,2890,Liedertswil,0
1996,2891,Niederdorf,14
1996,2893,Reigoldswil,1
1996,2894,Titterten,0
1996,2895,Waldenburg,32
1997,2762,Allschwil,30
1997,2763,Arlesheim,123
1997,2765,Binningen,41
1997,2766,Birsfelden,0
1997,2767,Bottmingen,19
1997,2768,Ettingen,7
1997,2769,Münchenstein,29
1997,2770,Muttenz,97
1997,2772,Pfeffingen,31
1997,2774,Schönenbuch,22
1997,2775,Therwil,73
1997,2781,Blauen,2
1997,2782,Brislach,10
1997,2784,Dittingen,3
1997,2785,Duggingen,19
1997,2786,Grellingen,5
1997,2787,Laufen,34
1997,2788,Liesberg,7
1997,2789,Nenzlingen,1
1997,2790,Roggenburg,3
1997,2791,Röschenz,22
1997,2792,Wahlen,35
1997,2821,Arisdorf,13
1997,2822,Augst,1
1997,2823,Bubendorf,43
1997,2824,Frenkendorf,48
1997,2825,Füllinsdorf,10
1997,2826,Giebenach,30
1997,2827,Hersberg,2
1997,2828,Lausen,53
1997,2829,Liestal,88
1997,2830,Lupsingen,21
1997,2831,Pratteln,55
1997,2832,Ramlinsburg,11
1997,2833,Seltisberg,7
1997,2841,Anwil,10
1997,2842,Böckten,1
1997,2843,Buckten,0
1997,2844,Buus,12
1997,2845,Diepflingen,0
1997,2846,Gelterkinden,24
1997,2847,Häfelfingen,0
1997,2848,Hemmiken,2
1997,2849,Itingen,4
1997,2850,Känerkinden,1
1997,2852,Läufelfingen,8
1997,2853,Maisprach,2
1997,2854,Nusshof,3
1997,2855,Oltingen,1
1997,2856,Ormalingen,4
1997,2858,Rothenfluh,3
1997,2859,Rümlingen,0
1997,2860,Rünenberg,13
1997,2861,Sissach,22
1997,2862,Tecknau,18
1997,2863,Tenniken,2
1997,2864,Thürnen,22
1997,2865,Wenslingen,3
1997,2866,Wintersingen,4
1997,2867,Wittinsburg,3
1997,2881,Arboldswil,0
1997,2882,Bennwil,11
1997,2883,Bretzwil,0
1997,2884,Diegten,14
1997,2885,Eptingen,5
1997,2886,Hölstein,8
1997,2887,Lampenberg,2
1997,2888,Langenbruck,2
1997,2889,Lauwil,1
1997,2890,Liedertswil,0
1997,2891,Niederdorf,21
1997,2893,Reigoldswil,10
1997,2894,Titterten,5
1997,2895,Waldenburg,1
1998,2762,Allschwil,27
1998,2763,Arlesheim,89
1998,2765,Binningen,77
1998,2766,Birsfelden,10
1998,2767,Bottmingen,36
1998,2768,Ettingen,40
1998,2769,Münchenstein,12
1998,2770,Muttenz,92
1998,2772,Pfeffingen,19
1998,2774,Schönenbuch,31
1998,2775,Therwil,126
1998,2781,Blauen,4
1998,2782,Brislach,10
1998,2784,Dittingen,2
1998,2785,Duggingen,9
1998,2786,Grellingen,5
1998,2787,Laufen,24
1998,2788,Liesberg,4
1998,2789,Nenzlingen,1
1998,2790,Roggenburg,0
1998,2791,Röschenz,18
1998,2792,Wahlen,20
1998,2821,Arisdorf,14
1998,2822,Augst,7
1998,2823,Bubendorf,42
1998,2824,Frenkendorf,19
1998,2825,Füllinsdorf,16
1998,2826,Giebenach,1
1998,2827,Hersberg,1
1998,2828,Lausen,76
1998,2829,Liestal,63
1998,2830,Lupsingen,12
1998,2831,Pratteln,48
1998,2832,Ramlinsburg,20
1998,2833,Seltisberg,5
1998,2841,Anwil,5
1998,2842,Böckten,5
1998,2843,Buckten,2
1998,2844,Buus,9
1998,2845,Diepflingen,4
1998,2846,Gelterkinden,24
1998,2847,Häfelfingen,1
1998,2848,Hemmiken,1
1998,2849,Itingen,21
1998,2850,Känerkinden,0
1998,2852,Läufelfingen,7
1998,2853,Maisprach,5
1998,2854,Nusshof,3
1998,2855,Oltingen,0
1998,2856,Ormalingen,17
1998,2858,Rothenfluh,2
1998,2859,Rümlingen,0
1998,2860,Rünenberg,2
1998,2861,Sissach,49
1998,2862,Tecknau,0
1998,2863,Tenniken,3
1998,2864,Thürnen,18
1998,2865,Wenslingen,1
1998,2866,Wintersingen,3
1998,2867,Wittinsburg,3
1998,2881,Arboldswil,4
1998,2882,Bennwil,10
1998,2883,Bretzwil,2
1998,2884,Diegten,20
1998,2885,Eptingen,0
1998,2886,Hölstein,29
1998,2887,Lampenberg,1
1998,2888,Langenbruck,7
1998,2889,Lauwil,1
1998,2890,Liedertswil,5
1998,2891,Niederdorf,20
1998,2893,Reigoldswil,33
1998,2894,Titterten,3
1998,2895,Waldenburg,1
1999,2762,Allschwil,8
1999,2763,Arlesheim,95
1999,2765,Binningen,70
1999,2766,Birsfelden,0
1999,2767,Bottmingen,61
1999,2768,Ettingen,52
1999,2769,Münchenstein,38
1999,2770,Muttenz,66
1999,2772,Pfeffingen,23
1999,2774,Schönenbuch,3
1999,2775,Therwil,165
1999,2781,Blauen,9
1999,2782,Brislach,13
1999,2784,Dittingen,2
1999,2785,Duggingen,27
1999,2786,Grellingen,3
1999,2787,Laufen,28
1999,2788,Liesberg,4
1999,2789,Nenzlingen,2
1999,2790,Roggenburg,3
1999,2791,Röschenz,8
1999,2792,Wahlen,3
1999,2821,Arisdorf,7
1999,2822,Augst,0
1999,2823,Bubendorf,18
1999,2824,Frenkendorf,20
1999,2825,Füllinsdorf,28
1999,2826,Giebenach,1
1999,2827,Hersberg,1
1999,2828,Lausen,43
1999,2829,Liestal,83
1999,2830,Lupsingen,26
1999,2831,Pratteln,14
1999,2832,Ramlinsburg,11
1999,2833,Seltisberg,6
1999,2841,Anwil,5
1999,2842,Böckten,9
1999,2843,Buckten,2
1999,2844,Buus,15
1999,2845,Diepflingen,3
1999,2846,Gelterkinden,18
1999,2847,Häfelfingen,0
1999,2848,Hemmiken,1
1999,2849,Itingen,16
1999,2850,Känerkinden,1
1999,2852,Läufelfingen,6
1999,2853,Maisprach,9
1999,2854,Nusshof,4
1999,2855,Oltingen,0
1999,2856,Ormalingen,14
1999,2858,Rothenfluh,0
1999,2859,Rümlingen,0
1999,2860,Rünenberg,2
1999,2861,Sissach,50
1999,2862,Tecknau,4
1999,2863,Tenniken,5
1999,2864,Thürnen,34
1999,2865,Wenslingen,5
1999,2866,Wintersingen,4
1999,2867,Wittinsburg,3
1999,2881,Arboldswil,5
1999,2882,Bennwil,5
1999,2883,Bretzwil,2
1999,2884,Diegten,3
1999,2885,Eptingen,0
1999,2886,Hölstein,13
1999,2887,Lampenberg,2
1999,2888,Langenbruck,0
1999,2889,Lauwil,0
1999,2890,Liedertswil,3
1999,2891,Niederdorf,25
1999,2893,Reigoldswil,21
1999,2894,Titterten,1
1999,2895,Waldenburg,2
2000,2762,Allschwil,35
2000,2763,Arlesheim,23
2000,2765,Binningen,40
2000,2766,Birsfelden,9
2000,2767,Bottmingen,51
2000,2768,Ettingen,52
2000,2769,Münchenstein,41
2000,2770,Muttenz,50
2000,2772,Pfeffingen,29
2000,2774,Schönenbuch,14
2000,2775,Therwil,59
2000,2781,Blauen,5
2000,2782,Brislach,8
2000,2784,Dittingen,2
2000,2785,Duggingen,7
2000,2786,Grellingen,50
2000,2787,Laufen,35
2000,2788,Liesberg,5
2000,2789,Nenzlingen,4
2000,2790,Roggenburg,1
2000,2791,Röschenz,17
2000,2792,Wahlen,31
2000,2821,Arisdorf,3
2000,2822,Augst,74
2000,2823,Bubendorf,13
2000,2824,Frenkendorf,29
2000,2825,Füllinsdorf,56
2000,2826,Giebenach,2
2000,2827,Hersberg,3
2000,2828,Lausen,85
2000,2829,Liestal,64
2000,2830,Lupsingen,16
2000,2831,Pratteln,63
2000,2832,Ramlinsburg,10
2000,2833,Seltisberg,15
2000,2841,Anwil,1
2000,2842,Böckten,9
2000,2843,Buckten,2
2000,2844,Buus,4
2000,2845,Diepflingen,7
2000,2846,Gelterkinden,31
2000,2847,Häfelfingen,0
2000,2848,Hemmiken,0
2000,2849,Itingen,12
2000,2850,Känerkinden,3
2000,2852,Läufelfingen,12
2000,2853,Maisprach,5
2000,2854,Nusshof,2
2000,2855,Oltingen,0
2000,2856,Ormalingen,7
2000,2858,Rothenfluh,3
2000,2859,Rümlingen,2
2000,2860,Rünenberg,4
2000,2861,Sissach,24
2000,2862,Tecknau,1
2000,2863,Tenniken,3
2000,2864,Thürnen,3
2000,2865,Wenslingen,7
2000,2866,Wintersingen,4
2000,2867,Wittinsburg,1
2000,2881,Arboldswil,3
2000,2882,Bennwil,3
2000,2883,Bretzwil,7
2000,2884,Diegten,18
2000,2885,Eptingen,4
2000,2886,Hölstein,25
2000,2887,Lampenberg,4
2000,2888,Langenbruck,6
2000,2889,Lauwil,2
2000,2890,Liedertswil,0
2000,2891,Niederdorf,4
2000,2893,Reigoldswil,11
2000,2894,Titterten,4
2000,2895,Waldenburg,0
2001,2762,Allschwil,45
2001,2763,Arlesheim,50
2001,2765,Binningen,67
2001,2766,Birsfelden,4
2001,2767,Bottmingen,26
2001,2768,Ettingen,19
2001,2769,Münchenstein,22
2001,2770,Muttenz,62
2001,2772,Pfeffingen,14
2001,2774,Schönenbuch,16
2001,2775,Therwil,95
2001,2781,Blauen,6
2001,2782,Brislach,9
2001,2784,Dittingen,1
2001,2785,Duggingen,4
2001,2786,Grellingen,3
2001,2787,Laufen,31
2001,2788,Liesberg,2
2001,2789,Nenzlingen,1
2001,2790,Roggenburg,2
2001,2791,Röschenz,10
2001,2792,Wahlen,10
2001,2821,Arisdorf,6
2001,2822,Augst,0
2001,2823,Bubendorf,10
2001,2824,Frenkendorf,10
2001,2825,Füllinsdorf,4
2001,2826,Giebenach,1
2001,2827,Hersberg,1
2001,2828,Lausen,130
2001,2829,Liestal,63
2001,2830,Lupsingen,5
2001,2831,Pratteln,54
2001,2832,Ramlinsburg,5
2001,2833,Seltisberg,17
2001,2841,Anwil,3
2001,2842,Böckten,9
2001,2843,Buckten,2
2001,2844,Buus,3
2001,2845,Diepflingen,6
2001,2846,Gelterkinden,29
2001,2847,Häfelfingen,0
2001,2848,Hemmiken,1
2001,2849,Itingen,5
2001,2850,Känerkinden,1
2001,2852,Läufelfingen,1
2001,2853,Maisprach,4
2001,2854,Nusshof,1
2001,2855,Oltingen,0
2001,2856,Ormalingen,6
2001,2858,Rothenfluh,3
2001,2859,Rümlingen,2
2001,2860,Rünenberg,5
2001,2861,Sissach,66
2001,2862,Tecknau,0
2001,2863,Tenniken,2
2001,2864,Thürnen,6
2001,2865,Wenslingen,0
2001,2866,Wintersingen,2
2001,2867,Wittinsburg,9
2001,2881,Arboldswil,2
2001,2882,Bennwil,4
2001,2883,Bretzwil,6
2001,2884,Diegten,15
2001,2885,Eptingen,5
2001,2886,Hölstein,8
2001,2887,Lampenberg,2
2001,2888,Langenbruck,5
2001,2889,Lauwil,0
2001,2890,Liedertswil,1
2001,2891,Niederdorf,6
2001,2893,Reigoldswil,2
2001,2894,Titterten,2
2001,2895,Waldenburg,0
2002,2762,Allschwil,20
2002,2763,Arlesheim,39
2002,2765,Binningen,52
2002,2766,Birsfelden,0
2002,2767,Bottmingen,7
2002,2768,Ettingen,23
2002,2769,Münchenstein,16
2002,2770,Muttenz,32
2002,2772,Pfeffingen,9
2002,2774,Schönenbuch,4
2002,2775,Therwil,66
2002,2781,Blauen,2
2002,2782,Brislach,7
2002,2784,Dittingen,0
2002,2785,Duggingen,5
2002,2786,Grellingen,3
2002,2787,Laufen,27
2002,2788,Liesberg,3
2002,2789,Nenzlingen,3
2002,2790,Roggenburg,5
2002,2791,Röschenz,14
2002,2792,Wahlen,3
2002,2821,Arisdorf,5
2002,2822,Augst,1
2002,2823,Bubendorf,22
2002,2824,Frenkendorf,25
2002,2825,Füllinsdorf,5
2002,2826,Giebenach,3
2002,2827,Hersberg,3
2002,2828,Lausen,4
2002,2829,Liestal,26
2002,2830,Lupsingen,8
2002,2831,Pratteln,15
2002,2832,Ramlinsburg,14
2002,2833,Seltisberg,7
2002,2841,Anwil,2
2002,2842,Böckten,3
2002,2843,Buckten,3
2002,2844,Buus,4
2002,2845,Diepflingen,0
2002,2846,Gelterkinden,9
2002,2847,Häfelfingen,1
2002,2848,Hemmiken,0
2002,2849,Itingen,3
2002,2850,Känerkinden,0
2002,2852,Läufelfingen,5
2002,2853,Maisprach,0
2002,2854,Nusshof,1
2002,2855,Oltingen,0
2002,2856,Ormalingen,11
2002,2858,Rothenfluh,1
2002,2859,Rümlingen,1
2002,2860,Rünenberg,2
2002,2861,Sissach,51
2002,2862,Tecknau,0
2002,2863,Tenniken,1
2002,2864,Thürnen,2
2002,2865,Wenslingen,1
2002,2866,Wintersingen,4
2002,2867,Wittinsburg,8
2002,2881,Arboldswil,3
2002,2882,Bennwil,2
2002,2883,Bretzwil,4
2002,2884,Diegten,1
2002,2885,Eptingen,0
2002,2886,Hölstein,17
2002,2887,Lampenberg,8
2002,2888,Langenbruck,1
2002,2889,Lauwil,1
2002,2890,Liedertswil,0
2002,2891,Niederdorf,2
2002,2893,Reigoldswil,0
2002,2894,Titterten,0
2002,2895,Waldenburg,0
2003,2762,Allschwil,30
2003,2763,Arlesheim,50
2003,2765,Binningen,77
2003,2766,Birsfelden,5
2003,2767,Bottmingen,52
2003,2768,Ettingen,15
2003,2769,Münchenstein,10
2003,2770,Muttenz,75
2003,2772,Pfeffingen,11
2003,2774,Schönenbuch,8
2003,2775,Therwil,89
2003,2781,Blauen,2
2003,2782,Brislach,3
2003,2784,Dittingen,1
2003,2785,Duggingen,3
2003,2786,Grellingen,10
2003,2787,Laufen,21
2003,2788,Liesberg,7
2003,2789,Nenzlingen,2
2003,2790,Roggenburg,3
2003,2791,Röschenz,5
2003,2792,Wahlen,16
2003,2821,Arisdorf,10
2003,2822,Augst,0
2003,2823,Bubendorf,4
2003,2824,Frenkendorf,28
2003,2825,Füllinsdorf,34
2003,2826,Giebenach,7
2003,2827,Hersberg,8
2003,2828,Lausen,5
2003,2829,Liestal,138
2003,2830,Lupsingen,7
2003,2831,Pratteln,33
2003,2832,Ramlinsburg,1
2003,2833,Seltisberg,7
2003,2841,Anwil,6
2003,2842,Böckten,3
2003,2843,Buckten,0
2003,2844,Buus,2
2003,2845,Diepflingen,1
2003,2846,Gelterkinden,39
2003,2847,Häfelfingen,0
2003,2848,Hemmiken,0
2003,2849,Itingen,32
2003,2850,Känerkinden,0
2003,2852,Läufelfingen,3
2003,2853,Maisprach,3
2003,2854,Nusshof,0
2003,2855,Oltingen,0
2003,2856,Ormalingen,13
2003,2858,Rothenfluh,2
2003,2859,Rümlingen,5
2003,2860,Rünenberg,2
2003,2861,Sissach,21
2003,2862,Tecknau,0
2003,2863,Tenniken,2
2003,2864,Thürnen,8
2003,2865,Wenslingen,4
2003,2866,Wintersingen,0
2003,2867,Wittinsburg,5
2003,2881,Arboldswil,4
2003,2882,Bennwil,2
2003,2883,Bretzwil,2
2003,2884,Diegten,11
2003,2885,Eptingen,1
2003,2886,Hölstein,12
2003,2887,Lampenberg,2
2003,2888,Langenbruck,1
2003,2889,Lauwil,2
2003,2890,Liedertswil,1
2003,2891,Niederdorf,1
2003,2893,Reigoldswil,0
2003,2894,Titterten,5
2003,2895,Waldenburg,0
2004,2762,Allschwil,45
2004,2763,Arlesheim,5
2004,2765,Binningen,53
2004,2766,Birsfelden,0
2004,2767,Bottmingen,14
2004,2768,Ettingen,6
2004,2769,Münchenstein,26
2004,2770,Muttenz,17
2004,2772,Pfeffingen,15
2004,2774,Schönenbuch,18
2004,2775,Therwil,47
2004,2781,Blauen,2
2004,2782,Brislach,13
2004,2784,Dittingen,0
2004,2785,Duggingen,15
2004,2786,Grellingen,16
2004,2787,Laufen,25
2004,2788,Liesberg,3
2004,2789,Nenzlingen,3
2004,2790,Roggenburg,0
2004,2791,Röschenz,8
2004,2792,Wahlen,10
2004,2821,Arisdorf,4
2004,2822,Augst,1
2004,2823,Bubendorf,9
2004,2824,Frenkendorf,43
2004,2825,Füllinsdorf,12
2004,2826,Giebenach,0
2004,2827,Hersberg,1
2004,2828,Lausen,26
2004,2829,Liestal,85
2004,2830,Lupsingen,7
2004,2831,Pratteln,92
2004,2832,Ramlinsburg,2
2004,2833,Seltisberg,12
2004,2841,Anwil,1
2004,2842,Böckten,1
2004,2843,Buckten,0
2004,2844,Buus,3
2004,2845,Diepflingen,4
2004,2846,Gelterkinden,10
2004,2847,Häfelfingen,0
2004,2848,Hemmiken,1
2004,2849,Itingen,15
2004,2850,Känerkinden,2
2004,2852,Läufelfingen,9
2004,2853,Maisprach,4
2004,2854,Nusshof,2
2004,2855,Oltingen,2
2004,2856,Ormalingen,14
2004,2858,Rothenfluh,6
2004,2859,Rümlingen,2
2004,2860,Rünenberg,2
2004,2861,Sissach,23
2004,2862,Tecknau,0
2004,2863,Tenniken,2
2004,2864,Thürnen,7
2004,2865,Wenslingen,3
2004,2866,Wintersingen,4
2004,2867,Wittinsburg,6
2004,2881,Arboldswil,3
2004,2882,Bennwil,2
2004,2883,Bretzwil,2
2004,2884,Diegten,20
2004,2885,Eptingen,1
2004,2886,Hölstein,21
2004,2887,Lampenberg,1
2004,2888,Langenbruck,2
2004,2889,Lauwil,1
2004,2890,Liedertswil,0
2004,2891,Niederdorf,4
2004,2893,Reigoldswil,12
2004,2894,Titterten,2
2004,2895,Waldenburg,1
2005,2762,Allschwil,96
2005,2763,Arlesheim,17
2005,2765,Binningen,96
2005,2766,Birsfelden,4
2005,2767,Bottmingen,36
2005,2768,Ettingen,13
2005,2769,Münchenstein,17
2005,2770,Muttenz,83
2005,2772,Pfeffingen,16
2005,2774,Schönenbuch,16
2005,2775,Therwil,77
2005,2781,Blauen,5
2005,2782,Brislach,8
2005,2784,Dittingen,8
2005,2785,Duggingen,11
2005,2786,Grellingen,9
2005,2787,Laufen,16
2005,2788,Liesberg,3
2005,2789,Nenzlingen,1
2005,2790,Roggenburg,0
2005,2791,Röschenz,16
2005,2792,Wahlen,6
2005,2821,Arisdorf,3
2005,2822,Augst,0
2005,2823,Bubendorf,4
2005,2824,Frenkendorf,17
2005,2825,Füllinsdorf,4
2005,2826,Giebenach,6
2005,2827,Hersberg,3
2005,2828,Lausen,31
2005,2829,Liestal,75
2005,2830,Lupsingen,10
2005,2831,Pratteln,10
2005,2832,Ramlinsburg,2
2005,2833,Seltisberg,4
2005,2841,Anwil,4
2005,2842,Böckten,12
2005,2843,Buckten,1
2005,2844,Buus,2
2005,2845,Diepflingen,4
2005,2846,Gelterkinden,23
2005,2847,Häfelfingen,0
2005,2848,Hemmiken,0
2005,2849,Itingen,30
2005,2850,Känerkinden,0
2005,2852,Läufelfingen,10
2005,2853,Maisprach,7
2005,2854,Nusshof,2
2005,2855,Oltingen,2
2005,2856,Ormalingen,5
2005,2858,Rothenfluh,3
2005,2859,Rümlingen,3
2005,2860,Rünenberg,10
2005,2861,Sissach,27
2005,2862,Tecknau,0
2005,2863,Tenniken,2
2005,2864,Thürnen,3
2005,2865,Wenslingen,2
2005,2866,Wintersingen,1
2005,2867,Wittinsburg,1
2005,2881,Arboldswil,5
2005,2882,Bennwil,4
2005,2883,Bretzwil,5
2005,2884,Diegten,5
2005,2885,Eptingen,0
2005,2886,Hölstein,18
2005,2887,Lampenberg,3
2005,2888,Langenbruck,2
2005,2889,Lauwil,1
2005,2890,Liedertswil,0
2005,2891,Niederdorf,0
2005,2893,Reigoldswil,1
2005,2894,Titterten,2
2005,2895,Waldenburg,0
2006,2762,Allschwil,197
2006,2763,Arlesheim,29
2006,2765,Binningen,38
2006,2766,Birsfelden,16
2006,2767,Bottmingen,29
2006,2768,Ettingen,26
2006,2769,Münchenstein,10
2006,2770,Muttenz,122
2006,2772,Pfeffingen,9
2006,2774,Schönenbuch,10
2006,2775,Therwil,54
2006,2781,Blauen,2
2006,2782,Brislach,10
2006,2784,Dittingen,2
2006,2785,Duggingen,21
2006,2786,Grellingen,15
2006,2787,Laufen,13
2006,2788,Liesberg,3
2006,2789,Nenzlingen,8
2006,2790,Roggenburg,1
2006,2791,Röschenz,12
2006,2792,Wahlen,2
2006,2821,Arisdorf,21
2006,2822,Augst,1
2006,2823,Bubendorf,8
2006,2824,Frenkendorf,13
2006,2825,Füllinsdorf,20
2006,2826,Giebenach,15
2006,2827,Hersberg,3
2006,2828,Lausen,10
2006,2829,Liestal,83
2006,2830,Lupsingen,9
2006,2831,Pratteln,60
2006,2832,Ramlinsburg,3
2006,2833,Seltisberg,5
2006,2841,Anwil,2
2006,2842,Böckten,1
2006,2843,Buckten,4
2006,2844,Buus,2
2006,2845,Diepflingen,7
2006,2846,Gelterkinden,27
2006,2847,Häfelfingen,0
2006,2848,Hemmiken,0
2006,2849,Itingen,3
2006,2850,Känerkinden,0
2006,2852,Läufelfingen,5
2006,2853,Maisprach,2
2006,2854,Nusshof,0
2006,2855,Oltingen,1
2006,2856,Ormalingen,17
2006,2858,Rothenfluh,1
2006,2859,Rümlingen,0
2006,2860,Rünenberg,1
2006,2861,Sissach,53
2006,2862,Tecknau,1
2006,2863,Tenniken,6
2006,2864,Thürnen,14
2006,2865,Wenslingen,0
2006,2866,Wintersingen,2
2006,2867,Wittinsburg,2
2006,2881,Arboldswil,0
2006,2882,Bennwil,4
2006,2883,Bretzwil,1
2006,2884,Diegten,13
2006,2885,Eptingen,0
2006,2886,Hölstein,22
2006,2887,Lampenberg,1
2006,2888,Langenbruck,0
2006,2889,Lauwil,4
2006,2890,Liedertswil,1
2006,2891,Niederdorf,14
2006,2893,Reigoldswil,6
2006,2894,Titterten,1
2006,2895,Waldenburg,2
2007,2762,Allschwil,112
2007,2763,Arlesheim,15
2007,2765,Binningen,32
2007,2766,Birsfelden,2
2007,2767,Bottmingen,69
2007,2768,Ettingen,39
2007,2769,Münchenstein,4
2007,2770,Muttenz,31
2007,2772,Pfeffingen,13
2007,2774,Schönenbuch,1
2007,2775,Therwil,48
2007,2781,Blauen,0
2007,2782,Brislach,17
2007,2784,Dittingen,7
2007,2785,Duggingen,16
2007,2786,Grellingen,16
2007,2787,Laufen,17
2007,2788,Liesberg,4
2007,2789,Nenzlingen,1
2007,2790,Roggenburg,0
2007,2791,Röschenz,15
2007,2792,Wahlen,7
2007,2821,Arisdorf,10
2007,2822,Augst,0
2007,2823,Bubendorf,54
2007,2824,Frenkendorf,1
2007,2825,Füllinsdorf,35
2007,2826,Giebenach,3
2007,2827,Hersberg,3
2007,2828,Lausen,18
2007,2829,Liestal,69
2007,2830,Lupsingen,16
2007,2831,Pratteln,29
2007,2832,Ramlinsburg,1
2007,2833,Seltisberg,9
2007,2841,Anwil,9
2007,2842,Böckten,2
2007,2843,Buckten,1
2007,2844,Buus,0
2007,2845,Diepflingen,2
2007,2846,Gelterkinden,37
2007,2847,Häfelfingen,0
2007,2848,Hemmiken,1
2007,2849,Itingen,3
2007,2850,Känerkinden,0
2007,2852,Läufelfingen,4
2007,2853,Maisprach,1
2007,2854,Nusshof,0
2007,2855,Oltingen,0
2007,2856,Ormalingen,9
2007,2858,Rothenfluh,3
2007,2859,Rümlingen,0
2007,2860,Rünenberg,6
2007,2861,Sissach,12
2007,2862,Tecknau,0
2007,2863,Tenniken,0
2007,2864,Thürnen,32
2007,2865,Wenslingen,4
2007,2866,Wintersingen,2
2007,2867,Wittinsburg,5
2007,2881,Arboldswil,0
2007,2882,Bennwil,1
2007,2883,Bretzwil,3
2007,2884,Diegten,21
2007,2885,Eptingen,0
2007,2886,Hölstein,10
2007,2887,Lampenberg,2
2007,2888,Langenbruck,2
2007,2889,Lauwil,3
2007,2890,Liedertswil,1
2007,2891,Niederdorf,11
2007,2893,Reigoldswil,4
2007,2894,Titterten,0
2007,2895,Waldenburg,1
2008,2762,Allschwil,104
2008,2763,Arlesheim,34
2008,2765,Binningen,98
2008,2766,Birsfelden,6
2008,2767,Bottmingen,64
2008,2768,Ettingen,45
2008,2769,Münchenstein,47
2008,2770,Muttenz,59
2008,2772,Pfeffingen,10
2008,2774,Schönenbuch,3
2008,2775,Therwil,56
2008,2781,Blauen,5
2008,2782,Brislach,8
2008,2784,Dittingen,0
2008,2785,Duggingen,11
2008,2786,Grellingen,3
2008,2787,Laufen,24
2008,2788,Liesberg,2
2008,2789,Nenzlingen,0
2008,2790,Roggenburg,6
2008,2791,Röschenz,9
2008,2792,Wahlen,3
2008,2821,Arisdorf,5
2008,2822,Augst,0
2008,2823,Bubendorf,15
2008,2824,Frenkendorf,17
2008,2825,Füllinsdorf,25
2008,2826,Giebenach,2
2008,2827,Hersberg,3
2008,2828,Lausen,3
2008,2829,Liestal,31
2008,2830,Lupsingen,6
2008,2831,Pratteln,102
2008,2832,Ramlinsburg,0
2008,2833,Seltisberg,7
2008,2841,Anwil,0
2008,2842,Böckten,1
2008,2843,Buckten,1
2008,2844,Buus,4
2008,2845,Diepflingen,10
2008,2846,Gelterkinden,26
2008,2847,Häfelfingen,1
2008,2848,Hemmiken,0
2008,2849,Itingen,2
2008,2850,Känerkinden,2
2008,2852,Läufelfingen,1
2008,2853,Maisprach,6
2008,2854,Nusshof,6
2008,2855,Oltingen,1
2008,2856,Ormalingen,27
2008,2858,Rothenfluh,15
2008,2859,Rümlingen,10
2008,2860,Rünenberg,2
2008,2861,Sissach,150
2008,2862,Tecknau,0
2008,2863,Tenniken,0
2008,2864,Thürnen,17
2008,2865,Wenslingen,8
2008,2866,Wintersingen,0
2008,2867,Wittinsburg,4
2008,2881,Arboldswil,7
2008,2882,Bennwil,0
2008,2883,Bretzwil,1
2008,2884,Diegten,4
2008,2885,Eptingen,4
2008,2886,Hölstein,13
2008,2887,Lampenberg,4
2008,2888,Langenbruck,3
2008,2889,Lauwil,3
2008,2890,Liedertswil,2
2008,2891,Niederdorf,4
2008,2893,Reigoldswil,5
2008,2894,Titterten,1
2008,2895,Waldenburg,3
2009,2762,Allschwil,83
2009,2763,Arlesheim,101
2009,2765,Binningen,87
2009,2766,Birsfelden,5
2009,2767,Bottmingen,23
2009,2768,Ettingen,27
2009,2769,Münchenstein,25
2009,2770,Muttenz,63
2009,2772,Pfeffingen,11
2009,2774,Schönenbuch,8
2009,2775,Therwil,39
2009,2781,Blauen,1
2009,2782,Brislach,14
2009,2784,Dittingen,5
2009,2785,Duggingen,25
2009,2786,Grellingen,19
2009,2787,Laufen,9
2009,2788,Liesberg,5
2009,2789,Nenzlingen,2
2009,2790,Roggenburg,2
2009,2791,Röschenz,14
2009,2792,Wahlen,5
2009,2821,Arisdorf,13
2009,2822,Augst,3
2009,2823,Bubendorf,13
2009,2824,Frenkendorf,1
2009,2825,Füllinsdorf,0
2009,2826,Giebenach,6
2009,2827,Hersberg,2
2009,2828,Lausen,29
2009,2829,Liestal,42
2009,2830,Lupsingen,15
2009,2831,Pratteln,39
2009,2832,Ramlinsburg,5
2009,2833,Seltisberg,1
2009,2841,Anwil,1
2009,2842,Böckten,4
2009,2843,Buckten,8
2009,2844,Buus,9
2009,2845,Diepflingen,13
2009,2846,Gelterkinden,26
2009,2847,Häfelfingen,2
2009,2848,Hemmiken,1
2009,2849,Itingen,10
2009,2850,Känerkinden,5
2009,2852,Läufelfingen,1
2009,2853,Maisprach,7
2009,2854,Nusshof,2
2009,2855,Oltingen,2
2009,2856,Ormalingen,14
2009,2858,Rothenfluh,2
2009,2859,Rümlingen,0
2009,2860,Rünenberg,3
2009,2861,Sissach,31
2009,2862,Tecknau,1
2009,2863,Tenniken,2
2009,2864,Thürnen,1
2009,2865,Wenslingen,7
2009,2866,Wintersingen,0
2009,2867,Wittinsburg,1
2009,2881,Arboldswil,3
2009,2882,Bennwil,5
2009,2883,Bretzwil,2
2009,2884,Diegten,15
2009,2885,Eptingen,1
2009,2886,Hölstein,6
2009,2887,Lampenberg,3
2009,2888,Langenbruck,1
2009,2889,Lauwil,0
2009,2890,Liedertswil,2
2009,2891,Niederdorf,3
2009,2893,Reigoldswil,5
2009,2894,Titterten,2
2009,2895,Waldenburg,4
2010,2762,Allschwil,189
2010,2763,Arlesheim,35
2010,2765,Binningen,40
2010,2766,Birsfelden,29
2010,2767,Bottmingen,24
2010,2768,Ettingen,20
2010,2769,Münchenstein,5
2010,2770,Muttenz,48
2010,2772,Pfeffingen,6
2010,2774,Schönenbuch,3
2010,2775,Therwil,59
2010,2781,Blauen,2
2010,2782,Brislach,9
2010,2784,Dittingen,5
2010,2785,Duggingen,8
2010,2786,Grellingen,1
2010,2787,Laufen,8
2010,2788,Liesberg,2
2010,2789,Nenzlingen,1
2010,2790,Roggenburg,0
2010,2791,Röschenz,7
2010,2792,Wahlen,0
2010,2821,Arisdorf,9
2010,2822,Augst,0
2010,2823,Bubendorf,7
2010,2824,Frenkendorf,33
2010,2825,Füllinsdorf,2
2010,2826,Giebenach,1
2010,2827,Hersberg,3
2010,2828,Lausen,4
2010,2829,Liestal,33
2010,2830,Lupsingen,2
2010,2831,Pratteln,17
2010,2832,Ramlinsburg,5
2010,2833,Seltisberg,11
2010,2841,Anwil,2
2010,2842,Böckten,4
2010,2843,Buckten,2
2010,2844,Buus,2
2010,2845,Diepflingen,7
2010,2846,Gelterkinden,31
2010,2847,Häfelfingen,1
2010,2848,Hemmiken,0
2010,2849,Itingen,32
2010,2850,Känerkinden,3
2010,2852,Läufelfingen,3
2010,2853,Maisprach,1
2010,2854,Nusshof,3
2010,2855,Oltingen,3
2010,2856,Ormalingen,8
2010,2858,Rothenfluh,2
2010,2859,Rümlingen,4
2010,2860,Rünenberg,1
2010,2861,Sissach,36
2010,2862,Tecknau,0
2010,2863,Tenniken,2
2010,2864,Thürnen,4
2010,2865,Wenslingen,0
2010,2866,Wintersingen,7
2010,2867,Wittinsburg,1
2010,2881,Arboldswil,5
2010,2882,Bennwil,4
2010,2883,Bretzwil,0
2010,2884,Diegten,2
2010,2885,Eptingen,0
2010,2886,Hölstein,8
2010,2887,Lampenberg,0
2010,2888,Langenbruck,0
2010,2889,Lauwil,3
2010,2890,Liedertswil,2
2010,2891,Niederdorf,4
2010,2893,Reigoldswil,2
2010,2894,Titterten,2
2010,2895,Waldenburg,0
2011,2762,Allschwil,285
2011,2763,Arlesheim,103
2011,2765,Binningen,57
2011,2766,Birsfelden,22
2011,2767,Bottmingen,39
2011,2768,Ettingen,11
2011,2769,Münchenstein,19
2011,2770,Muttenz,103
2011,2772,Pfeffingen,11
2011,2774,Schönenbuch,3
2011,2775,Therwil,60
2011,2781,Blauen,3
2011,2782,Brislach,5
2011,2784,Dittingen,2
2011,2785,Duggingen,5
2011,2786,Grellingen,18
2011,2787,Laufen,109
2011,2788,Liesberg,1
2011,2789,Nenzlingen,2
2011,2790,Roggenburg,0
2011,2791,Röschenz,12
2011,2792,Wahlen,1
2011,2821,Arisdorf,35
2011,2822,Augst,6
2011,2823,Bubendorf,44
2011,2824,Frenkendorf,17
2011,2825,Füllinsdorf,1
2011,2826,Giebenach,1
2011,2827,Hersberg,2
2011,2828,Lausen,24
2011,2829,Liestal,79
2011,2830,Lupsingen,3
2011,2831,Pratteln,41
2011,2832,Ramlinsburg,2
2011,2833,Seltisberg,2
2011,2841,Anwil,2
2011,2842,Böckten,2
2011,2843,Buckten,1
2011,2844,Buus,6
2011,2845,Diepflingen,12
2011,2846,Gelterkinden,28
2011,2847,Häfelfingen,0
2011,2848,Hemmiken,1
2011,2849,Itingen,5
2011,2850,Känerkinden,0
2011,2852,Läufelfingen,0
2011,2853,Maisprach,4
2011,2854,Nusshof,6
2011,2855,Oltingen,3
2011,2856,Ormalingen,4
2011,2858,Rothenfluh,2
2011,2859,Rümlingen,1
2011,2860,Rünenberg,1
2011,2861,Sissach,19
2011,2862,Tecknau,11
2011,2863,Tenniken,1
2011,2864,Thürnen,1
2011,2865,Wenslingen,2
2011,2866,Wintersingen,0
2011,2867,Wittinsburg,3
2011,2881,Arboldswil,4
2011,2882,Bennwil,3
2011,2883,Bretzwil,0
2011,2884,Diegten,3
2011,2885,Eptingen,0
2011,2886,Hölstein,14
2011,2887,Lampenberg,1
2011,2888,Langenbruck,0
2011,2889,Lauwil,1
2011,2890,Liedertswil,0
2011,2891,Niederdorf,2
2011,2893,Reigoldswil,6
2011,2894,Titterten,0
2011,2895,Waldenburg,0
2012,2762,Allschwil,67
2012,2763,Arlesheim,62
2012,2765,Binningen,40
2012,2766,Birsfelden,14
2012,2767,Bottmingen,30
2012,2768,Ettingen,15
2012,2769,Münchenstein,1
2012,2770,Muttenz,16
2012,2772,Pfeffingen,19
2012,2774,Schönenbuch,6
2012,2775,Therwil,28
2012,2781,Blauen,1
2012,2782,Brislach,9
2012,2784,Dittingen,2
2012,2785,Duggingen,3
2012,2786,Grellingen,7
2012,2787,Laufen,28
2012,2788,Liesberg,2
2012,2789,Nenzlingen,0
2012,2790,Roggenburg,0
2012,2791,Röschenz,8
2012,2792,Wahlen,11
2012,2821,Arisdorf,1
2012,2822,Augst,0
2012,2823,Bubendorf,13
2012,2824,Frenkendorf,38
2012,2825,Füllinsdorf,12
2012,2826,Giebenach,17
2012,2827,Hersberg,0
2012,2828,Lausen,29
2012,2829,Liestal,69
2012,2830,Lupsingen,3
2012,2831,Pratteln,6
2012,2832,Ramlinsburg,0
2012,2833,Seltisberg,9
2012,2841,Anwil,1
2012,2842,Böckten,0
2012,2843,Buckten,0
2012,2844,Buus,7
2012,2845,Diepflingen,30
2012,2846,Gelterkinden,15
2012,2847,Häfelfingen,3
2012,2848,Hemmiken,0
2012,2849,Itingen,13
2012,2850,Känerkinden,2
2012,2852,Läufelfingen,4
2012,2853,Maisprach,0
2012,2854,Nusshof,4
2012,2855,Oltingen,0
2012,2856,Ormalingen,12
2012,2858,Rothenfluh,2
2012,2859,Rümlingen,15
2012,2860,Rünenberg,1
2012,2861,Sissach,26
2012,2862,Tecknau,5
2012,2863,Tenniken,1
2012,2864,Thürnen,1
2012,2865,Wenslingen,0
2012,2866,Wintersingen,0
2012,2867,Wittinsburg,0
2012,2881,Arboldswil,2
2012,2882,Bennwil,4
2012,2883,Bretzwil,1
2012,2884,Diegten,9
2012,2885,Eptingen,0
2012,2886,Hölstein,26
2012,2887,Lampenberg,0
2012,2888,Langenbruck,3
2012,2889,Lauwil,1
2012,2890,Liedertswil,0
2012,2891,Niederdorf,0
2012,2893,Reigoldswil,2
2012,2894,Titterten,1
2012,2895,Waldenburg,2
2013,2762,Allschwil,41
2013,2763,Arlesheim,34
2013,2765,Binningen,44
2013,2766,Birsfelden,18
2013,2767,Bottmingen,48
2013,2768,Ettingen,10
2013,2769,Münchenstein,43
2013,2770,Muttenz,23
2013,2772,Pfeffingen,40
2013,2774,Schönenbuch,1
2013,2775,Therwil,34
2013,2781,Blauen,1
2013,2782,Brislach,7
2013,2784,Dittingen,0
2013,2785,Duggingen,3
2013,2786,Grellingen,18
2013,2787,Laufen,4
2013,2788,Liesberg,1
2013,2789,Nenzlingen,0
2013,2790,Roggenburg,0
2013,2791,Röschenz,5
2013,2792,Wahlen,12
2013,2821,Arisdorf,0
2013,2822,Augst,6
2013,2823,Bubendorf,17
2013,2824,Frenkendorf,54
2013,2825,Füllinsdorf,18
2013,2826,Giebenach,4
2013,2827,Hersberg,8
2013,2828,Lausen,14
2013,2829,Liestal,27
2013,2830,Lupsingen,3
2013,2831,Pratteln,30
2013,2832,Ramlinsburg,6
2013,2833,Seltisberg,2
2013,2841,Anwil,4
2013,2842,Böckten,12
2013,2843,Buckten,3
2013,2844,Buus,3
2013,2845,Diepflingen,3
2013,2846,Gelterkinden,54
2013,2847,Häfelfingen,0
2013,2848,Hemmiken,0
2013,2849,Itingen,10
2013,2850,Känerkinden,2
2013,2852,Läufelfingen,5
2013,2853,Maisprach,0
2013,2854,Nusshof,1
2013,2855,Oltingen,4
2013,2856,Ormalingen,57
2013,2858,Rothenfluh,1
2013,2859,Rümlingen,2
2013,2860,Rünenberg,4
2013,2861,Sissach,54
2013,2862,Tecknau,2
2013,2863,Tenniken,2
2013,2864,Thürnen,4
2013,2865,Wenslingen,1
2013,2866,Wintersingen,0
2013,2867,Wittinsburg,1
2013,2881,Arboldswil,1
2013,2882,Bennwil,1
2013,2883,Bretzwil,2
2013,2884,Diegten,14
2013,2885,Eptingen,0
2013,2886,Hölstein,2
2013,2887,Lampenberg,0
2013,2888,Langenbruck,0
2013,2889,Lauwil,0
2013,2890,Liedertswil,0
2013,2891,Niederdorf,16
2013,2893,Reigoldswil,5
2013,2894,Titterten,2
2013,2895,Waldenburg,0
2014,2762,Allschwil,56
2014,2763,Arlesheim,19
2014,2765,Binningen,104
2014,2766,Birsfelden,16
2014,2767,Bottmingen,18
2014,2768,Ettingen,38
2014,2769,Münchenstein,61
2014,2770,Muttenz,38
2014,2772,Pfeffingen,9
2014,2774,Schönenbuch,1
2014,2775,Therwil,62
2014,2781,Blauen,2
2014,2782,Brislach,2
2014,2784,Dittingen,1
2014,2785,Duggingen,13
2014,2786,Grellingen,9
2014,2787,Laufen,42
2014,2788,Liesberg,1
2014,2789,Nenzlingen,0
2014,2790,Roggenburg,0
2014,2791,Röschenz,6
2014,2792,Wahlen,6
2014,2821,Arisdorf,2
2014,2822,Augst,3
2014,2823,Bubendorf,20
2014,2824,Frenkendorf,29
2014,2825,Füllinsdorf,1
2014,2826,Giebenach,2
2014,2827,Hersberg,1
2014,2828,Lausen,24
2014,2829,Liestal,54
2014,2830,Lupsingen,23
2014,2831,Pratteln,159
2014,2832,Ramlinsburg,2
2014,2833,Seltisberg,1
2014,2841,Anwil,2
2014,2842,Böckten,0
2014,2843,Buckten,1
2014,2844,Buus,4
2014,2845,Diepflingen,2
2014,2846,Gelterkinden,38
2014,2847,Häfelfingen,1
2014,2848,Hemmiken,1
2014,2849,Itingen,4
2014,2850,Känerkinden,3
2014,2852,Läufelfingen,0
2014,2853,Maisprach,5
2014,2854,Nusshof,0
2014,2855,Oltingen,0
2014,2856,Ormalingen,6
2014,2858,Rothenfluh,0
2014,2859,Rümlingen,0
2014,2860,Rünenberg,2
2014,2861,Sissach,52
2014,2862,Tecknau,6
2014,2863,Tenniken,1
2014,2864,Thürnen,1
2014,2865,Wenslingen,3
2014,2866,Wintersingen,0
2014,2867,Wittinsburg,0
2014,2881,Arboldswil,2
2014,2882,Bennwil,0
2014,2883,Bretzwil,0
2014,2884,Diegten,2
2014,2885,Eptingen,0
2014,2886,Hölstein,11
2014,2887,Lampenberg,1
2014,2888,Langenbruck,2
2014,2889,Lauwil,0
2014,2890,Liedertswil,0
2014,2891,Niederdorf,6
2014,2893,Reigoldswil,3
2014,2894,Titterten,0
2014,2895,Waldenburg,1
2015,2762,Allschwil,123
2015,2763,Arlesheim,39
2015,2765,Binningen,25
2015,2766,Birsfelden,23
2015,2767,Bottmingen,114
2015,2768,Ettingen,43
2015,2769,Münchenstein,34
2015,2770,Muttenz,75
2015,2772,Pfeffingen,10
2015,2774,Schönenbuch,0
2015,2775,Therwil,22
2015,2781,Blauen,1
2015,2782,Brislach,7
2015,2784,Dittingen,0
2015,2785,Duggingen,8
2015,2786,Grellingen,27
2015,2787,Laufen,49
2015,2788,Liesberg,6
2015,2789,Nenzlingen,2
2015,2790,Roggenburg,0
2015,2791,Röschenz,6
2015,2792,Wahlen,7
2015,2821,Arisdorf,8
2015,2822,Augst,77
2015,2823,Bubendorf,21
2015,2824,Frenkendorf,21
2015,2825,Füllinsdorf,22
2015,2826,Giebenach,1
2015,2827,Hersberg,0
2015,2828,Lausen,4
2015,2829,Liestal,121
2015,2830,Lupsingen,5
2015,2831,Pratteln,226
2015,2832,Ramlinsburg,2
2015,2833,Seltisberg,7
2015,2841,Anwil,2
2015,2842,Böckten,1
2015,2843,Buckten,2
2015,2844,Buus,12
2015,2845,Diepflingen,12
2015,2846,Gelterkinden,46
2015,2847,Häfelfingen,1
2015,2848,Hemmiken,2
2015,2849,Itingen,6
2015,2850,Känerkinden,17
2015,2852,Läufelfingen,5
2015,2853,Maisprach,11
2015,2854,Nusshof,2
2015,2855,Oltingen,3
2015,2856,Ormalingen,14
2015,2858,Rothenfluh,3
2015,2859,Rümlingen,0
2015,2860,Rünenberg,1
2015,2861,Sissach,116
2015,2862,Tecknau,1
2015,2863,Tenniken,2
2015,2864,Thürnen,20
2015,2865,Wenslingen,0
2015,2866,Wintersingen,0
2015,2867,Wittinsburg,1
2015,2881,Arboldswil,5
2015,2882,Bennwil,0
2015,2883,Bretzwil,3
2015,2884,Diegten,4
2015,2885,Eptingen,6
2015,2886,Hölstein,4
2015,2887,Lampenberg,1
2015,2888,Langenbruck,0
2015,2889,Lauwil,0
2015,2890,Liedertswil,0
2015,2891,Niederdorf,3
2015,2893,Reigoldswil,1
2015,2894,Titterten,0
2015,2895,Waldenburg,0
2016,2762,Allschwil,276
2016,2763,Arlesheim,6
2016,2765,Binningen,117
2016,2766,Birsfelden,11
2016,2767,Bottmingen,16
2016,2768,Ettingen,19
2016,2769,Münchenstein,149
2016,2770,Muttenz,39
2016,2772,Pfeffingen,14
2016,2774,Schönenbuch,2
2016,2775,Therwil,13
2016,2781,Blauen,3
2016,2782,Brislach,5
2016,2784,Dittingen,2
2016,2785,Duggingen,12
2016,2786,Grellingen,2
2016,2787,Laufen,19
2016,2788,Liesberg,2
2016,2789,Nenzlingen,0
2016,2790,Roggenburg,0
2016,2791,Röschenz,3
2016,2792,Wahlen,13
2016,2821,Arisdorf,1
2016,2822,Augst,0
2016,2823,Bubendorf,14
2016,2824,Frenkendorf,4
2016,2825,Füllinsdorf,5
2016,2826,Giebenach,0
2016,2827,Hersberg,0
2016,2828,Lausen,57
2016,2829,Liestal,65
2016,2830,Lupsingen,8
2016,2831,Pratteln,134
2016,2832,Ramlinsburg,3
2016,2833,Seltisberg,12
2016,2841,Anwil,1
2016,2842,Böckten,2
2016,2843,Buckten,1
2016,2844,Buus,1
2016,2845,Diepflingen,6
2016,2846,Gelterkinden,13
2016,2847,Häfelfingen,3
2016,2848,Hemmiken,0
2016,2849,Itingen,2
2016,2850,Känerkinden,6
2016,2852,Läufelfingen,2
2016,2853,Maisprach,1
2016,2854,Nusshof,3
2016,2855,Oltingen,0
2016,2856,Ormalingen,9
2016,2858,Rothenfluh,0
2016,2859,Rümlingen,1
2016,2860,Rünenberg,3
2016,2861,Sissach,32
2016,2862,Tecknau,0
2016,2863,Tenniken,7
2016,2864,Thürnen,1
2016,2865,Wenslingen,0
2016,2866,Wintersingen,0
2016,2867,Wittinsburg,0
2016,2881,Arboldswil,0
2016,2882,Bennwil,9
2016,2883,Bretzwil,8
2016,2884,Diegten,5
2016,2885,Eptingen,2
2016,2886,Hölstein,17
2016,2887,Lampenberg,1
2016,2888,Langenbruck,0
2016,2889,Lauwil,2
2016,2890,Liedertswil,0
2016,2891,Niederdorf,0
2016,2893,Reigoldswil,2
2016,2894,Titterten,0
2016,2895,Waldenburg,3
2017,2762,Allschwil,31
2017,2763,Arlesheim,26
2017,2765,Binningen,94
2017,2766,Birsfelden,59
2017,2767,Bottmingen,14
2017,2768,Ettingen,66
2017,2769,Münchenstein,9
2017,2770,Muttenz,69
2017,2772,Pfeffingen,6
2017,2774,Schönenbuch,1
2017,2775,Therwil,23
2017,2781,Blauen,3
2017,2782,Brislach,7
2017,2784,Dittingen,0
2017,2785,Duggingen,4
2017,2786,Grellingen,4
2017,2787,Laufen,41
2017,2788,Liesberg,0
2017,2789,Nenzlingen,4
2017,2790,Roggenburg,0
2017,2791,Röschenz,3
2017,2792,Wahlen,18
2017,2821,Arisdorf,0
2017,2822,Augst,1
2017,2823,Bubendorf,5
2017,2824,Frenkendorf,28
2017,2825,Füllinsdorf,52
2017,2826,Giebenach,6
2017,2827,Hersberg,0
2017,2828,Lausen,129
2017,2829,Liestal,259
2017,2830,Lupsingen,4
2017,2831,Pratteln,108
2017,2832,Ramlinsburg,5
2017,2833,Seltisberg,2
2017,2841,Anwil,0
2017,2842,Böckten,8
2017,2843,Buckten,3
2017,2844,Buus,7
2017,2845,Diepflingen,1
2017,2846,Gelterkinden,54
2017,2847,Häfelfingen,1
2017,2848,Hemmiken,1
2017,2849,Itingen,0
2017,2850,Känerkinden,0
2017,2852,Läufelfingen,2
2017,2853,Maisprach,8
2017,2854,Nusshof,0
2017,2855,Oltingen,7
2017,2856,Ormalingen,41
2017,2858,Rothenfluh,8
2017,2859,Rümlingen,2
2017,2860,Rünenberg,0
2017,2861,Sissach,20
2017,2862,Tecknau,2
2017,2863,Tenniken,0
2017,2864,Thürnen,0
2017,2865,Wenslingen,3
2017,2866,Wintersingen,0
2017,2867,Wittinsburg,1
2017,2881,Arboldswil,2
2017,2882,Bennwil,8
2017,2883,Bretzwil,0
2017,2884,Diegten,26
2017,2885,Eptingen,0
2017,2886,Hölstein,0
2017,2887,Lampenberg,0
2017,2888,Langenbruck,4
2017,2889,Lauwil,0
2017,2890,Liedertswil,1
2017,2891,Niederdorf,1
2017,2893,Reigoldswil,3
2017,2894,Titterten,3
2017,2895,Waldenburg,0
2018,2762,Allschwil,41
2018,2763,Arlesheim,18
2018,2765,Binningen,100
2018,2766,Birsfelden,0
2018,2767,Bottmingen,57
2018,2768,Ettingen,35
2018,2769,Münchenstein,10
2018,2770,Muttenz,61
2018,2772,Pfeffingen,4
2018,2774,Schönenbuch,14
2018,2775,Therwil,37
2018,2781,Blauen,1
2018,2782,Brislach,6
2018,2784,Dittingen,1
2018,2785,Duggingen,5
2018,2786,Grellingen,6
2018,2787,Laufen,62
2018,2788,Liesberg,0
2018,2789,Nenzlingen,3
2018,2790,Roggenburg,0
2018,2791,Röschenz,22
2018,2792,Wahlen,21
2018,2821,Arisdorf,9
2018,2822,Augst,14
2018,2823,Bubendorf,29
2018,2824,Frenkendorf,9
2018,2825,Füllinsdorf,8
2018,2826,Giebenach,17
2018,2827,Hersberg,2
2018,2828,Lausen,19
2018,2829,Liestal,107
2018,2830,Lupsingen,3
2018,2831,Pratteln,39
2018,2832,Ramlinsburg,4
2018,2833,Seltisberg,6
2018,2841,Anwil,2
2018,2842,Böckten,1
2018,2843,Buckten,5
2018,2844,Buus,12
2018,2845,Diepflingen,3
2018,2846,Gelterkinden,67
2018,2847,Häfelfingen,1
2018,2848,Hemmiken,0
2018,2849,Itingen,20
2018,2850,Känerkinden,0
2018,2852,Läufelfingen,0
2018,2853,Maisprach,6
2018,2854,Nusshof,1
2018,2855,Oltingen,4
2018,2856,Ormalingen,3
2018,2858,Rothenfluh,5
2018,2859,Rümlingen,7
2018,2860,Rünenberg,6
2018,2861,Sissach,40
2018,2862,Tecknau,1
2018,2863,Tenniken,0
2018,2864,Thürnen,0
2018,2865,Wenslingen,1
2018,2866,Wintersingen,5
2018,2867,Wittinsburg,0
2018,2881,Arboldswil,3
2018,2882,Bennwil,0
2018,2883,Bretzwil,0
2018,2884,Diegten,1
2018,2885,Eptingen,3
2018,2886,Hölstein,37
2018,2887,Lampenberg,4
2018,2888,Langenbruck,0
2018,2889,Lauwil,0
2018,2890,Liedertswil,0
2018,2891,Niederdorf,25
2018,2893,Reigoldswil,7
2018,2894,Titterten,7
2018,2895,Waldenburg,0
2019,2762,Allschwil,34
2019,2763,Arlesheim,31
2019,2765,Binningen,53
2019,2766,Birsfelden,41
2019,2767,Bottmingen,46
2019,2768,Ettingen,58
2019,2769,Münchenstein,49
2019,2770,Muttenz,35
2019,2772,Pfeffingen,24
2019,2774,Schönenbuch,8
2019,2775,Therwil,30
2019,2781,Blauen,3
2019,2782,Brislach,18
2019,2784,Dittingen,2
2019,2785,Duggingen,16
2019,2786,Grellingen,15
2019,2787,Laufen,20
2019,2788,Liesberg,2
2019,2789,Nenzlingen,1
2019,2790,Roggenburg,0
2019,2791,Röschenz,5
2019,2792,Wahlen,31
2019,2821,Arisdorf,9
2019,2822,Augst,10
2019,2823,Bubendorf,30
2019,2824,Frenkendorf,12
2019,2825,Füllinsdorf,46
2019,2826,Giebenach,2
2019,2827,Hersberg,9
2019,2828,Lausen,30
2019,2829,Liestal,116
2019,2830,Lupsingen,3
2019,2831,Pratteln,27
2019,2832,Ramlinsburg,3
2019,2833,Seltisberg,2
2019,2841,Anwil,0
2019,2842,Böckten,0
2019,2843,Buckten,1
2019,2844,Buus,2
2019,2845,Diepflingen,8
2019,2846,Gelterkinden,16
2019,2847,Häfelfingen,0
2019,2848,Hemmiken,0
2019,2849,Itingen,14
2019,2850,Känerkinden,4
2019,2852,Läufelfingen,0
2019,2853,Maisprach,0
2019,2854,Nusshof,1
2019,2855,Oltingen,8
2019,2856,Ormalingen,8
2019,2858,Rothenfluh,4
2019,2859,Rümlingen,2
2019,2860,Rünenberg,0
2019,2861,Sissach,34
2019,2862,Tecknau,4
2019,2863,Tenniken,1
2019,2864,Thürnen,1
2019,2865,Wenslingen,0
2019,2866,Wintersingen,10
2019,2867,Wittinsburg,2
2019,2881,Arboldswil,4
2019,2882,Bennwil,2
2019,2883,Bretzwil,2
2019,2884,Diegten,3
2019,2885,Eptingen,1
2019,2886,Hölstein,0
2019,2887,Lampenberg,4
2019,2888,Langenbruck,1
2019,2889,Lauwil,0
2019,2890,Liedertswil,1
2019,2891,Niederdorf,7
2019,2893,Reigoldswil,3
2019,2894,Titterten,8
2019,2895,Waldenburg,7
2020,2762,Allschwil,137
2020,2763,Arlesheim,77
2020,2765,Binningen,74
2020,2766,Birsfelden,42
2020,2767,Bottmingen,55
2020,2768,Ettingen,42
2020,2769,Münchenstein,17
2020,2770,Muttenz,81
2020,2772,Pfeffingen,13
2020,2774,Schönenbuch,0
2020,2775,Therwil,71
2020,2781,Blauen,2
2020,2782,Brislach,10
2020,2784,Dittingen,4
2020,2785,Duggingen,2
2020,2786,Grellingen,0
2020,2787,Laufen,113
2020,2788,Liesberg,2
2020,2789,Nenzlingen,3
2020,2790,Roggenburg,1
2020,2791,Röschenz,6
2020,2792,Wahlen,13
2020,2821,Arisdorf,15
2020,2822,Augst,0
2020,2823,Bubendorf,13
2020,2824,Frenkendorf,0
2020,2825,Füllinsdorf,7
2020,2826,Giebenach,0
2020,2827,Hersberg,1
2020,2828,Lausen,151
2020,2829,Liestal,318
2020,2830,Lupsingen,14
2020,2831,Pratteln,20
2020,2832,Ramlinsburg,1
2020,2833,Seltisberg,0
2020,2841,Anwil,1
2020,2842,Böckten,0
2020,2843,Buckten,0
2020,2844,Buus,11
2020,2845,Diepflingen,3
2020,2846,Gelterkinden,17
2020,2847,Häfelfingen,0
2020,2848,Hemmiken,1
2020,2849,Itingen,11
2020,2850,Känerkinden,1
2020,2852,Läufelfingen,0
2020,2853,Maisprach,2
2020,2854,Nusshof,2
2020,2855,Oltingen,0
2020,2856,Ormalingen,11
2020,2858,Rothenfluh,4
2020,2859,Rümlingen,5
2020,2860,Rünenberg,6
2020,2861,Sissach,19
2020,2862,Tecknau,0
2020,2863,Tenniken,0
2020,2864,Thürnen,16
2020,2865,Wenslingen,0
2020,2866,Wintersingen,0
2020,2867,Wittinsburg,3
2020,2881,Arboldswil,1
2020,2882,Bennwil,0
2020,2883,Bretzwil,3
2020,2884,Diegten,3
2020,2885,Eptingen,0
2020,2886,Hölstein,7
2020,2887,Lampenberg,4
2020,2888,Langenbruck,0
2020,2889,Lauwil,0
2020,2890,Liedertswil,0
2020,2891,Niederdorf,1
2020,2893,Reigoldswil,3
2020,2894,Titterten,0
2020,2895,Waldenburg,0
2021,2762,Allschwil,123
2021,2763,Arlesheim,40
2021,2765,Binningen,71
2021,2766,Birsfelden,37
2021,2767,Bottmingen,22
2021,2768,Ettingen,27
2021,2769,Münchenstein,42
2021,2770,Muttenz,8
2021,2772,Pfeffingen,17
2021,2774,Schönenbuch,16
2021,2775,Therwil,17
2021,2781,Blauen,4
2021,2782,Brislach,2
2021,2784,Dittingen,4
2021,2785,Duggingen,13
2021,2786,Grellingen,32
2021,2787,Laufen,18
2021,2788,Liesberg,4
2021,2789,Nenzlingen,2
2021,2790,Roggenburg,0
2021,2791,Röschenz,2
2021,2792,Wahlen,3
2021,2821,Arisdorf,3
2021,2822,Augst,2
2021,2823,Bubendorf,60
2021,2824,Frenkendorf,30
2021,2825,Füllinsdorf,2
2021,2826,Giebenach,0
2021,2827,Hersberg,1
2021,2828,Lausen,128
2021,2829,Liestal,78
2021,2830,Lupsingen,20
2021,2831,Pratteln,32
2021,2832,Ramlinsburg,1
2021,2833,Seltisberg,0
2021,2841,Anwil,2
2021,2842,Böckten,1
2021,2843,Buckten,7
2021,2844,Buus,5
2021,2845,Diepflingen,1
2021,2846,Gelterkinden,35
2021,2847,Häfelfingen,2
2021,2848,Hemmiken,0
2021,2849,Itingen,99
2021,2850,Känerkinden,1
2021,2852,Läufelfingen,36
2021,2853,Maisprach,1
2021,2854,Nusshof,6
2021,2855,Oltingen,0
2021,2856,Ormalingen,19
2021,2858,Rothenfluh,1
2021,2859,Rümlingen,0
2021,2860,Rünenberg,1
2021,2861,Sissach,14
2021,2862,Tecknau,0
2021,2863,Tenniken,0
2021,2864,Thürnen,3
2021,2865,Wenslingen,0
2021,2866,Wintersingen,0
2021,2867,Wittinsburg,1
2021,2881,Arboldswil,13
2021,2882,Bennwil,2
2021,2883,Bretzwil,1
2021,2884,Diegten,10
2021,2885,Eptingen,1
2021,2886,Hölstein,34
2021,2887,Lampenberg,8
2021,2888,Langenbruck,0
2021,2889,Lauwil,0
2021,2890,Liedertswil,0
2021,2891,Niederdorf,1
2021,2893,Reigoldswil,10
2021,2894,Titterten,2
2021,2895,Waldenburg,4
2022,2762,Allschwil,74
2022,2763,Arlesheim,50
2022,2765,Binningen,51
2022,2766,Birsfelden,18
2022,2767,Bottmingen,14
2022,2768,Ettingen,43
2022,2769,Münchenstein,19
2022,2770,Muttenz,160
2022,2772,Pfeffingen,3
2022,2774,Schönenbuch,0
2022,2775,Therwil,19
2022,2781,Blauen,3
2022,2782,Brislach,2
2022,2784,Dittingen,1
2022,2785,Duggingen,5
2022,2786,Grellingen,10
2022,2787,Laufen,16
2022,2788,Liesberg,1
2022,2789,Nenzlingen,4
2022,2790,Roggenburg,0
2022,2791,Röschenz,8
2022,2792,Wahlen,16
2022,2821,Arisdorf,1
2022,2822,Augst,0
2022,2823,Bubendorf,15
2022,2824,Frenkendorf,45
2022,2825,Füllinsdorf,3
2022,2826,Giebenach,10
2022,2827,Hersberg,12
2022,2828,Lausen,1
2022,2829,Liestal,143
2022,2830,Lupsingen,0
2022,2831,Pratteln,108
2022,2832,Ramlinsburg,5
2022,2833,Seltisberg,10
2022,2841,Anwil,1
2022,2842,Böckten,4
2022,2843,Buckten,0
2022,2844,Buus,2
2022,2845,Diepflingen,12
2022,2846,Gelterkinden,65
2022,2847,Häfelfingen,0
2022,2848,Hemmiken,0
2022,2849,Itingen,1
2022,2850,Känerkinden,1
2022,2852,Läufelfingen,52
2022,2853,Maisprach,3
2022,2854,Nusshof,3
2022,2855,Oltingen,3
2022,2856,Ormalingen,17
2022,2858,Rothenfluh,8
2022,2859,Rümlingen,0
2022,2860,Rünenberg,8
2022,2861,Sissach,48
2022,2862,Tecknau,1
2022,2863,Tenniken,10
2022,2864,Thürnen,38
2022,2865,Wenslingen,0
2022,2866,Wintersingen,0
2022,2867,Wittinsburg,16
2022,2881,Arboldswil,1
2022,2882,Bennwil,4
2022,2883,Bretzwil,0
2022,2884,Diegten,6
2022,2885,Eptingen,0
2022,2886,Hölstein,6
2022,2887,Lampenberg,6
2022,2888,Langenbruck,0
2022,2889,Lauwil,0
2022,2890,Liedertswil,0
2022,2891,Niederdorf,2
2022,2893,Reigoldswil,6
2022,2894,Titterten,1
2022,2895,Waldenburg,20
2023,2762,Allschwil,217
2023,2763,Arlesheim,33
2023,2765,Binningen,39
2023,2766,Birsfelden,7
2023,2767,Bottmingen,22
2023,2768,Ettingen,11
2023,2769,Münchenstein,121
2023,2770,Muttenz,57
2023,2772,Pfeffingen,16
2023,2774,Schönenbuch,5
2023,2775,Therwil,59
2023,2781,Blauen,1
2023,2782,Brislach,17
2023,2784,Dittingen,0
2023,2785,Duggingen,0
2023,2786,Grellingen,2
2023,2787,Laufen,25
2023,2788,Liesberg,1
2023,2789,Nenzlingen,0
2023,2790,Roggenburg,1
2023,2791,Röschenz,13
2023,2792,Wahlen,0
2023,2821,Arisdorf,1
2023,2822,Augst,1
2023,2823,Bubendorf,24
2023,2824,Frenkendorf,10
2023,2825,Füllinsdorf,6
2023,2826,Giebenach,8
2023,2827,Hersberg,13
2023,2828,Lausen,1
2023,2829,Liestal,129
2023,2830,Lupsingen,4
2023,2831,Pratteln,21
2023,2832,Ramlinsburg,0
2023,2833,Seltisberg,0
2023,2841,Anwil,1
2023,2842,Böckten,18
2023,2843,Buckten,0
2023,2844,Buus,5
2023,2845,Diepflingen,6
2023,2846,Gelterkinden,44
2023,2847,Häfelfingen,0
2023,2848,Hemmiken,0
2023,2849,Itingen,55
2023,2850,Känerkinden,4
2023,2852,Läufelfingen,3
2023,2853,Maisprach,2
2023,2854,Nusshof,0
2023,2855,Oltingen,1
2023,2856,Ormalingen,19
2023,2858,Rothenfluh,9
2023,2859,Rümlingen,0
2023,2860,Rünenberg,2
2023,2861,Sissach,10
2023,2862,Tecknau,10
2023,2863,Tenniken,2
2023,2864,Thürnen,1
2023,2865,Wenslingen,0
2023,2866,Wintersingen,2
2023,2867,Wittinsburg,5
2023,2881,Arboldswil,5
2023,2882,Bennwil,8
2023,2883,Bretzwil,1
2023,2884,Diegten,4
2023,2885,Eptingen,0
2023,2886,Hölstein,4
2023,2887,Lampenberg,5
2023,2888,Langenbruck,7
2023,2889,Lauwil,3
2023,2890,Liedertswil,0
2023,2891,Niederdorf,1
2023,2893,Reigoldswil,12
2023,2894,Titterten,6
2023,2895,Waldenburg,13
2024,2762,Allschwil,28
2024,2763,Arlesheim,8
2024,2765,Binningen,192
2024,2766,Birsfelden,64
2024,2767,Bottmingen,11
2024,2768,Ettingen,11
2024,2769,Münchenstein,36
2024,2770,Muttenz,52
2024,2772,Pfeffingen,23
2024,2774,Schönenbuch,10
2024,2775,Therwil,54
2024,2781,Blauen,3
2024,2782,Brislach,6
2024,2784,Dittingen,0
2024,2785,Duggingen,6
2024,2786,Grellingen,1
2024,2787,Laufen,38
2024,2788,Liesberg,2
2024,2789,Nenzlingen,0
2024,2790,Roggenburg,1
2024,2791,Röschenz,6
2024,2792,Wahlen,21
2024,2821,Arisdorf,5
2024,2822,Augst,0
2024,2823,Bubendorf,61
2024,2824,Frenkendorf,36
2024,2825,Füllinsdorf,14
2024,2826,Giebenach,4
2024,2827,Hersberg,1
2024,2828,Lausen,17
2024,2829,Liestal,89
2024,2830,Lupsingen,12
2024,2831,Pratteln,36
2024,2832,Ramlinsburg,0
2024,2833,Seltisberg,10
2024,2841,Anwil,2
2024,2842,Böckten,4
2024,2843,Buckten,1
2024,2844,Buus,3
2024,2845,Diepflingen,14
2024,2846,Gelterkinden,79
2024,2847,Häfelfingen,2
2024,2848,Hemmiken,0
2024,2849,Itingen,3
2024,2850,Känerkinden,0
2024,2852,Läufelfingen,2
2024,2853,Maisprach,8
2024,2854,Nusshof,0
2024,2855,Oltingen,3
2024,2856,Ormalingen,2
2024,2858,Rothenfluh,2
2024,2859,Rümlingen,2
2024,2860,Rünenberg,2
2024,2861,Sissach,12
2024,2862,Tecknau,1
2024,2863,Tenniken,0
2024,2864,Thürnen,5
2024,2865,Wenslingen,1
2024,2866,Wintersingen,0
2024,2867,Wittinsburg,1
2024,2881,Arboldswil,1
2024,2882,Bennwil,1
2024,2883,Bretzwil,1
2024,2884,Diegten,0
2024,2885,Eptingen,0
2024,2886,Hölstein,2
2024,2887,Lampenberg,10
2024,2888,Langenbruck,0
2024,2889,Lauwil,2
2024,2890,Liedertswil,1
2024,2891,Niederdorf,1
2024,2893,Reigoldswil,6
2024,2894,Titterten,0
2024,2895,Waldenburg,0
